Category,Room/Center,Start,End,School,Code,Entry#,EntryTitle,Students
PA,E44 Center 1, 800, 808,DUBUQUE SENIOR,862,2,"","Caroline Brondyke"
PA,E44 Center 1, 810, 818,SUMNER-FREDERICKSBURG,249,1,"America","Morgan Price"
PA,E44 Center 1, 820, 828,WATERLOO CHRISTIAN HIGH SCHOOL,612,1,"Abraham Lincolns Second Inaugural Address","Daniel Jenkins"
PA,E44 Center 1, 830, 838,,
PA,E44 Center 1, 840, 848,INDEPENDENCE,262,1,"J.K. Rowling Commencement","Catherine Lake"
PA,E44 Center 1, 850, 858,FOREST CITY,006,3,"Camerlegs Speech","Carrie Brcka"
PA,E44 Center 1, 900, 908,MASON CITY NEWMAN CATHOLIC,940,1,"The Girl Who Silenced the UN in  5 Minutes","Elizabeth Henrich"
PA,"E44 Center 1", 909,,BREAK,,
PA,E44 Center 1, 925, 933,INDEPENDENCE,262,3,"Why I Hate School But Love Education","Lizzie Lake"
PA,E44 Center 1, 935, 943,CHARLES CITY,037,1,"Duty, Honor, Country","Karissa Jensen"
PA,E44 Center 1, 945, 953,OSAGE,267,1,"CRAZY PEOPLE WILL RULE THE WORLD","Alexa Maakestad"
PA,E44 Center 1, 955,1003,STARMONT,029,1,"THogan","Tyson Hogan"
PA,E44 Center 1,1005,1013,DUBUQUE SENIOR,862,3,"","Chyan Decker"
PA,E44 Center 1,1015,1023,MAQUOKETA VALLEY 9TH,566,2,"Jim Valvanos ESPY speech","Faith Hunt"
PA,E44 Center 1,1025,1033,WAUKON,064,1,"Graduation Speech","Zach Troendle"
PA,"E44 Center 1",1035,,BREAK,,
PA,E44 Center 1,1045,1053,MAQUOKETA VALLEY,404,3,"Ciatlyn Jenners ESPY Speech","Laisee Shakespeare"
PA,E44 Center 1,1055,1103,BCLUW,247,1,"Pledge of Allegiance","Alexis Dinsmore"
PA,E44 Center 1,1105,1113,UNION,112,1,"Sermon on the Mount","Isabelle Werner"
PA,E44 Center 1,1115,1123,HAMPTON-DUMONT,420,1,"Four little girls were killed","Brianna Angstman"
PA,E44 Center 1,1125,1133,DUBUQUE SENIOR,862,1,"","Andrew Baur Schoer"
PA,E44 Center 1,1135,1143,SUMNER-FREDERICKSBURG,249,3,"Book Fairs","Zach Larsen"
PA,E44 Center 1,1145,1153,NORTH BUTLER,919,1,"Aint I a Woman","Abbie Wix"
PA,"E44 Center 1",1155,,BREAK,,
PA,E44 Center 1,1250,1258,CRESTWOOD,068,2,"Lucky","Kaylee Nicoll"
PA,E44 Center 1,1300,1308,UNION,112,2,"On The Pulse Of The Morning","Maryam Umar"
PA,E44 Center 1,1310,1318,WEBSTER CITY,569,1,"A Day that will live in infamy","Brian Borkowski"
PA,E44 Center 1,1320,1328,WEST DELAWARE,182,2,"Female Ambition","Isabelle Breitfelder"
PA,E44 Center 1,1330,1338,FOREST CITY,006,2,"If I should have a daughter","Caitlyn Owen"
PA,E44 Center 1,1340,1348,SUMNER-FREDERICKSBURG,249,2,"Cancer","Paige Rader"
PA,E44 Center 1,1350,1358,WATERLOO WEST,593,2,"","Noel Mills"
PA,"E44 Center 1",1400,,BREAK,,
PA,E44 Center 1,1415,1423,WEBSTER CITY,569,3,"We teach life","Asala Mansour"
PA,E44 Center 1,1425,1433,CEDAR FALLS,302,1,"9 Life Lessons","Bekah Bass"
PA,E44 Center 1,1435,1443,MAQUOKETA VALLEY,404,1,"Free Speech at My Brothers Funeral","Cassiddy Wilson"
PA,E44 Center 1,1445,1453,UNION,112,3,"A Whisper of AIDS","Sophie Selk"
PA,E44 Center 1,1455,1503,WEST DELAWARE 9TH,115,2,"Somewhere in America","Hope Straley"
PA,E44 Center 1,1505,1513,STARMONT,029,3,"PGoedken","Meg Swanson"
PA,E44 Center 1,1515,1523,MAQUOKETA VALLEY 9TH,566,1,"Every Kid Needs a Champion","Brooke Wilson"
PA,"E44 Center 1",1525,,BREAK,,
PA,E44 Center 1,1540,1548,TRIPOLI,143,1,"Life is Hard, Life is Difficult","Ayla Nelson"
PA,E44 Center 1,1550,1558,MAQUOKETA VALLEY,404,2,"Robin Roberts ESPY Speech","Sienna Becker"
PA,E44 Center 1,1600,1608,NEW HAMPTON,865,1,"Finding My Way","Marcy Uglum"
PA,E44 Center 1,1610,1618,SOUTH HAMILTON,117,1,"","------------------"
EA,E45 Center 2, 800, 806,INDEPENDENCE,262,3,"Blacksmithing","Shane Monaghan"
EA,E45 Center 2, 810, 816,WAUKON,064,1,"Grass Fed Beef vs. Grain Fed Beef","Christa Heffern"
EA,E45 Center 2, 820, 826,CEDAR FALLS,302,1,"Softball","Abbie Lund"
EA,E45 Center 2, 830, 836,WEST DELAWARE,182,3,"Learning to be a Rockstar","Isaac Johnson"
EA,E45 Center 2, 840, 846,WATERLOO WEST,593,3,"","Zoe Williams"
EA,E45 Center 2, 850, 856,IOWA FALLS,873,2,"Electricity & Ben Franklin","Joseph Tibbs"
EA,E45 Center 2, 900, 906,FOREST CITY,006,1,"Kanji","Leah Jones"
EA,"E45 Center 2", 910,,BREAK,,
EA,E45 Center 2, 920, 926,DUBUQUE SENIOR,862,3,"","Jessica Tompkins"
EA,E45 Center 2, 930, 936,EDGEWOOD-COLESBURG,336,1,"How to Saddle a Horse","Emma Ehlers"
EA,E45 Center 2, 940, 946,CLARKSVILLE,760,1,"Barn Quilts","Emily Leerhoff"
EA,E45 Center 2, 950, 956,SOUTH HAMILTON,117,1,"How to Run for President","Matthew Schroeder"
EA,E45 Center 2,1000,1006,WATERLOO CHRISTIAN HIGH SCHOOL,612,1,"Ronald Reagan","Joshua Fickus"
EA,E45 Center 2,1010,1016,MAYNARD WEST CENTRAL,225,2,"Untitled","Bailey Bergman"
EA,E45 Center 2,1020,1026,MASON CITY,836,1,"Radion: A survival story","Derek Tate"
EA,E45 Center 2,1030,1036,WEST DELAWARE,182,2,"Making a Film","Christian Schnieders"
EA,"E45 Center 2",1040,,BREAK,,
EA,E45 Center 2,1050,1056,DECORAH,448,1,"","Garret Baumler"
EA,E45 Center 2,1100,1106,SAINT ANSGAR 9TH,759,2,"HOW TO RAISE SHOW CATTLE","Sarah Phelps"
EA,E45 Center 2,1110,1116,INDEPENDENCE,262,2,"Scoliosis","Rachel DeBoer"
EA,E45 Center 2,1120,1126,Dubuque Senior 9th,371,1,"","Katie Hansen"
EA,E45 Center 2,1130,1136,WAVERLY-SHELL ROCK,119,1,"","Emily Bingham"
EA,E45 Center 2,1140,1146,EAGLE GROVE,031,3,"STEPPING UP YOUR SELF CONFIDENCE","Sarah Wilson"
EA,E45 Center 2,1150,1156,BCLUW,247,2,"Meat Matters","Lauren Mosher"
EA,"E45 Center 2",1200,,BREAK,,
EA,E45 Center 2,1250,1256,EAGLE GROVE,031,2,"Becoming Maxx","Maxx Flummerfelt"
EA,E45 Center 2,1300,1306,MAYNARD WEST CENTRAL,225,1,"Untitled","Adam Cannon"
EA,E45 Center 2,1310,1316,STARMONT,029,3,"EJumagaliyev","Eldar Jumagaliyev"
EA,E45 Center 2,1320,1326,DECORAH,448,3,"","Maddie Fahey"
EA,E45 Center 2,1330,1336,CEDAR FALLS,302,3,"How Music Changed My Life","Samantha Glaspie"
EA,E45 Center 2,1340,1346,MAQUOKETA VALLEY,404,2,"To Kiss or Tell?","Kendra Ries"
EA,E45 Center 2,1350,1356,GLADBROOK-REINBECK,608,1,"TBA","Kelly Brockett"
EA,"E45 Center 2",1400,,BREAK,,
EA,E45 Center 2,1410,1416,SUMNER-FREDERICKSBURG,249,1,"Running with Scissors","Megan Larsen"
EA,E45 Center 2,1420,1426,KEE,424,1,"Concussion: Its Not Just A Headache","MaKayla Manning"
EA,E45 Center 2,1430,1436,FOREST CITY,006,2,"Tap Dancing","Cheyanne Chapin"
EA,E45 Center 2,1440,1446,WEBSTER CITY,569,1,"How to make a lava lamp","Breanna Bedford"
EA,E45 Center 2,1450,1456,CRESTWOOD,068,2,"","Kelly Dietzenbach"
EA,E45 Center 2,1500,1506,DUBUQUE SENIOR,862,1,"","Brandon Jenkins"
EA,E45 Center 2,1510,1516,WEST DELAWARE,182,1,"Firefighter","Bryonna Rodgers"
EA,E45 Center 2,1520,1526,MAQUOKETA VALLEY,404,1,"Mario!","Emily LaGrant"
EA,"E45 Center 2",1530,,BREAK,,
EA,E45 Center 2,1540,1546,IOWA FALLS,873,1,"Lowline Cattle","Dayna Dodd"
EA,E45 Center 2,1550,1556,,
EA,E45 Center 2,1600,1606,MAQUOKETA VALLEY 9TH,566,1,"Youre Not You When Youre Hungry: Snickers Satisfies","Brooke Wilson"
EA,E45 Center 2,1610,1616,CHARLES CITY,037,1,"Haitian Experience","Carter West"
EA,E45 Center 2,1620,1626,MAQUOKETA VALLEY,404,3,"A Grain of Sand on the Beach","Sean Hucker"
EA,E45 Center 2,1630,1636,,
EA,E45 Center 2,1640,1646,DUBUQUE SENIOR,862,2,"","Josie Martin"
EA,E45 Center 2,1650,1656,WATERLOO WEST,593,1,"","Bianca Frazier"
EA,E45 Center 2,1650,1656,BELMOND-KLEMME,684,1,"How to Tap","Mallory Sopher"
ST,B56 Orchestra Room Center 3, 800, 805,MAQUOKETA VALLEY,404,2,"Pinkalicious","Josie Young"
ST,B56 Orchestra Room Center 3, 809, 814,CEDAR FALLS,302,2,"The Little Mermaid","Julia Corbett"
ST,B56 Orchestra Room Center 3, 818, 823,MAQUOKETA VALLEY 9TH,566,1,"I Love You, Stinky Face","Chloe Roling"
ST,B56 Orchestra Room Center 3, 827, 832,FOREST CITY,006,3,"Froggies First Kiss","Madison Kleveland"
ST,B56 Orchestra Room Center 3, 836, 841,WAVERLY-SHELL ROCK,119,2,"","Greer Henderson"
ST,B56 Orchestra Room Center 3, 845, 850,WAPSIE VALLEY,712,1,"What Do You Do With An Idea?","Abby McClain"
ST,B56 Orchestra Room Center 3, 854, 859,INDEPENDENCE,262,1,"Fantastic Flying books of Mr. Morris","Autumn Diesburg"
ST,"B56 Orchestra Room Center 3", 903,,BREAK,,
ST,B56 Orchestra Room Center 3, 915, 920,SUMNER-FREDERICKSBURG,249,2,"Michael Recycle","Allison Wehling "
ST,B56 Orchestra Room Center 3, 924, 929,DIKE-NEW HARTFORD,814,2,"Pigsty","Kiley Kyhl"
ST,B56 Orchestra Room Center 3, 933, 938,KEE,424,1,"Goldfish","Emily Benzing"
ST,B56 Orchestra Room Center 3, 942, 947,DUBUQUE SENIOR,862,1,"","Amy English"
ST,B56 Orchestra Room Center 3, 951, 956,,
ST,B56 Orchestra Room Center 3,1000,1005,RICEVILLE,328,2,"The Pout-Pout Fish in the Big-Big Dark","Ben Swancutt"
ST,B56 Orchestra Room Center 3,1009,1014,GARNER-HAYFIELD,052,1,"Me First","Anastasia Nannenga"
ST,B56 Orchestra Room Center 3,1018,1023,NEW HAMPTON,865,2,"A Bad Case of Stripes","Kelly Schwartz"
ST,"B56 Orchestra Room Center 3",1027,,BREAK,,
ST,B56 Orchestra Room Center 3,1040,1045,RICEVILLE,328,3,"Interrupting Chicken","Madison Drilling"
ST,B56 Orchestra Room Center 3,1049,1054,DUBUQUE SENIOR,862,2,"","Allison Williams"
ST,B56 Orchestra Room Center 3,1058,1103,NEW HAMPTON 9TH,164,1,"Are You My Mother?","Cody Deere"
ST,B56 Orchestra Room Center 3,1107,1112,Valley Lutheran High School,004,3,"","Blake Drinovsky"
ST,B56 Orchestra Room Center 3,1116,1121,SOUTH HARDIN,316,1,"","Logan Roling "
ST,B56 Orchestra Room Center 3,1125,1130,FOREST CITY,006,2,"Stone Soup","Ashley Olson"
ST,B56 Orchestra Room Center 3,1134,1139,WEBSTER CITY,569,1,"Ill Love you Forever","Jake Nilles"
ST,B56 Orchestra Room Center 3,1143,1148,CENTRAL SPRINGS,565,2,"Boris and Bella","Katlynn Roney"
ST,"B56 Orchestra Room Center 3",1152,,BREAK,,
ST,B56 Orchestra Room Center 3,1245,1250,DIKE-NEW HARTFORD,814,3,"The Giving Tree","Shay Bertram"
ST,B56 Orchestra Room Center 3,1254,1259,STARMONT,029,3,"Smith Storytelling","Grace Smith"
ST,B56 Orchestra Room Center 3,1303,1308,NORTH IOWA,130,1,"I NEED MY MONSTER","Kayla Limberg"
ST,B56 Orchestra Room Center 3,1312,1317,MFL MARMAC,601,1,"","Chelbe Feuerhelm"
ST,B56 Orchestra Room Center 3,1321,1326,LAKE MILLS,489,3,"The Ice House","CARSYN TENHAKEN"
ST,B56 Orchestra Room Center 3,1330,1335,SUMNER-FREDERICKSBURG,249,1,"Carrots","Allie Larsen"
ST,B56 Orchestra Room Center 3,1339,1344,DECORAH 9TH,776,1,"","Emma Fretheim"
ST,"B56 Orchestra Room Center 3",1348,,BREAK,,
ST,B56 Orchestra Room Center 3,1400,1405,CASCADE,469,3,"Horton Hatches an Egg","Rachel Smith"
ST,B56 Orchestra Room Center 3,1409,1414,WATERLOO WEST,593,2,"","Tiffany Archer"
ST,B56 Orchestra Room Center 3,1418,1423,MASON CITY 9TH,153,2,"Falling for Rapunzel","Keira Nobis"
ST,B56 Orchestra Room Center 3,1427,1432,BCLUW,247,1,"Pigs Aplenty, Pigs Galore","Drew Carson"
ST,B56 Orchestra Room Center 3,1436,1441,Dubuque Senior 9th,371,1,"","Brady Booth"
ST,B56 Orchestra Room Center 3,1445,1450,NORTHWOOD-KENSETT,661,2,"The Frog Prince Continued","Molly Hunchis"
ST,B56 Orchestra Room Center 3,1454,1459,OSAGE,267,2,"JOEY","Sara Murphy"
ST,"B56 Orchestra Room Center 3",1503,,BREAK,,
ST,B56 Orchestra Room Center 3,1515,1520,OSAGE,267,3,"TRUE STORY OT THE THREE LITTLE PIGS","Macy Ott"
ST,B56 Orchestra Room Center 3,1524,1529,EAGLE GROVE,031,2,"ILL ALWAYS LOVE YOU","Lindsay Davis"
ST,B56 Orchestra Room Center 3,1533,1538,NORTH BUTLER,919,2,"Purple, Green, Yellow","Sarah Goodrich"
ST,B56 Orchestra Room Center 3,1542,1547,GLADBROOK-REINBECK,608,1,"Bedhead","Ashley Sieh"
ST,B56 Orchestra Room Center 3,1551,1556,FOREST CITY 9TH,495,1,"Little Red Riding Hood","Christy Mettry"
ST,B53 Band Room Center 4, 800, 805,WEST DELAWARE 9TH,115,1,"Tacky the Penguin","Amber Cook"
ST,B53 Band Room Center 4, 809, 814,CEDAR FALLS,302,1,"Scarecrow","Emily Wikner"
ST,B53 Band Room Center 4, 818, 823,Valley Lutheran High School,004,1,"","Ardis White"
ST,B53 Band Room Center 4, 827, 832,WATERLOO WEST 9TH,436,1,"","Kaitlin Stainbrook"
ST,B53 Band Room Center 4, 836, 841,DUBUQUE HEMPSTEAD,547,1,"Clever Tom and the Leprechaun","Grace Manternach"
ST,B53 Band Room Center 4, 845, 850,WATERLOO CHRISTIAN HIGH SCHOOL,612,2,"Rumplestiltskin","Mallory Smith"
ST,B53 Band Room Center 4, 854, 859,WESTERN DUBUQUE,675,2,"WD Storytelling Piece","Emily Silich"
ST,"B53 Band Room Center 4", 903,,BREAK,,
ST,B53 Band Room Center 4, 915, 920,NORTH FAYETTE,350,2,"","Jessica Kamaus"
ST,B53 Band Room Center 4, 924, 929,SOUTH WINNESHIEK,999,3,"Sir Gawain and the Green Knight","Madisen Ondrashek"
ST,B53 Band Room Center 4, 933, 938,DUNKERTON,692,1,"Click Clack Moo (Cows That Type)","Alina Burch"
ST,B53 Band Room Center 4, 942, 947,WEST DELAWARE 9TH,115,2,"Stand Tall Molly Lou Melon","Kennedy Niles"
ST,B53 Band Room Center 4, 951, 956,Dubuque Senior 9th,371,3,"","Dhalia Rodriguez"
ST,B53 Band Room Center 4,1000,1005,,
ST,B53 Band Room Center 4,1009,1014,FOREST CITY,006,1,"","Genna Bertram"
ST,B53 Band Room Center 4,1018,1023,,
ST,"B53 Band Room Center 4",1027,,BREAK,,
ST,B53 Band Room Center 4,1040,1045,INDEPENDENCE,262,2,"Little Pea","Caleb Kremer"
ST,B53 Band Room Center 4,1049,1054,DUBUQUE SENIOR,862,3,"","Josie Martin"
ST,B53 Band Room Center 4,1058,1103,SOUTH WINNESHIEK,999,2,"Chrysanthemum","Hattie Frana"
ST,B53 Band Room Center 4,1107,1112,BECKMAN,540,1,"The Pain and the Great One","Caitlin Kennedy"
ST,B53 Band Room Center 4,1116,1121,MAQUOKETA VALLEY 9TH,566,2,"How I Became a Pirate","Kaela Chesnut"
ST,B53 Band Room Center 4,1125,1130,TRIPOLI,143,1,"Creepy Carrots","Katherine Kemp"
ST,B53 Band Room Center 4,1134,1139,WATERLOO WEST,593,1,"","Madison Chidester"
ST,B53 Band Room Center 4,1143,1148,AGWSR,345,3,"A Bear for All Seasons","Rachel Fraizer"
ST,"B53 Band Room Center 4",1152,,BREAK,,
ST,B53 Band Room Center 4,1245,1250,UNION,112,3,"Bear Snores On","Weston Krug"
ST,B53 Band Room Center 4,1254,1259,NORTH FAYETTE,350,1,"","Allison Ahern"
ST,B53 Band Room Center 4,1303,1308,NORTH IOWA,130,2,"CALVIN CAPT FLY","Lexis Julsrud-Wertjes"
ST,B53 Band Room Center 4,1312,1317,MAQUOKETA VALLEY,404,3,"Interrupting Chicken","Ali Sheehy"
ST,B53 Band Room Center 4,1321,1326,RICEVILLE,328,1,"Creepy Carrots","Renae Jensen"
ST,B53 Band Room Center 4,1330,1335,DECORAH 9TH,776,3,"","Evie Holyoake"
ST,B53 Band Room Center 4,1339,1344,SOUTH HAMILTON,117,1,"Part-Time Dog ","Noelle Houck"
ST,"B53 Band Room Center 4",1348,,BREAK,,
ST,B53 Band Room Center 4,1400,1405,MASON CITY,836,2,"Where the Wild Things Are","Justyce Henamen"
ST,B53 Band Room Center 4,1409,1414,CASCADE,469,1,"Big Pumpkin","Justin McDermott"
ST,B53 Band Room Center 4,1418,1423,HAMPTON-DUMONT 9TH,740,1,"King Bidgoods in the Bathtub","Sara Busman"
ST,B53 Band Room Center 4,1427,1432,TRIPOLI,143,2,"Mama Do You Love Me?","Nora Page"
ST,B53 Band Room Center 4,1436,1441,LAKE MILLS,489,2,"ANT AND GRASS-HOPPER","Jewell Gasteiger"
ST,B53 Band Room Center 4,1445,1450,MFL MARMAC,601,2,"","Lizzie Herzmann"
ST,B53 Band Room Center 4,1454,1459,OSAGE,267,1,"RECESS QUEEN","Julia Ringhofer"
ST,"B53 Band Room Center 4",1503,,BREAK,,
ST,B53 Band Room Center 4,1515,1520,AGWSR,345,1,"","Katie Gast"
ST,B53 Band Room Center 4,1524,1529,DECORAH,448,2,"","Sonja Sacquitne"
ST,B53 Band Room Center 4,1533,1538,WAVERLY-SHELL ROCK,119,3,"","Maddie Wessel"
ST,B53 Band Room Center 4,1542,1547,INDEPENDENCE,262,3,"Roger Rabbits Bad Habit","Noreasa Higgins"
ST,B53 Band Room Center 4,1551,1556,CLARKSVILLE,760,1,"The Boo Baby Girl Meets the Ghost of Mables Gable","Emily Leerhoff"
RV,D167 Center 5, 800, 808,DUBUQUE SENIOR,862,2,"","Paige Kizer"
RV,D167 Center 5, 810, 818,WAVERLY-SHELL ROCK,119,3,"","DeLynn Plante"
RV,D167 Center 5, 820, 828,INDEPENDENCE,262,2,"The Hobbit","Marissa Robinson"
RV,D167 Center 5, 830, 838,DECORAH,448,3,"","Avery Dugger"
RV,D167 Center 5, 840, 848,WEST DELAWARE 9TH,115,1,"Keeping up with the Kardashians","Karley VanTheemsche"
RV,D167 Center 5, 850, 858,WATERLOO COLUMBUS,504,1,"Eternal Sunshine of the Spotless Mind","Jake Nemmers"
RV,D167 Center 5, 900, 908,MAQUOKETA VALLEY,404,1,"The Catcher in the Rye","Shaylyn Trenkamp"
RV,"D167 Center 5", 909,,BREAK,,
RV,D167 Center 5, 925, 933,Dubuque Senior 9th,371,1,"","True Mills"
RV,D167 Center 5, 935, 943,CEDAR FALLS,302,3,"The Good Dinosaur","Tori King"
RV,D167 Center 5, 945, 953,SOUTH WINNESHIEK,999,1,"1984","Kaelan Boe"
RV,D167 Center 5, 955,1003,MAQUOKETA VALLEY,404,2,"The Wizard of Oz","Macy Anderegg"
RV,D167 Center 5,1005,1013,DUBUQUE SENIOR,862,3,"","kylie goodman"
RV,D167 Center 5,1015,1023,CRESTWOOD,068,3,"Tut","Sarah Schoeberl"
RV,D167 Center 5,1025,1033,WESTERN DUBUQUE,675,1,"Dead Poets Society","Mina Sahir"
RV,"D167 Center 5",1034,,BREAK,,
RV,D167 Center 5,1050,1058,WATERLOO WEST,593,1,"","Taylor Mast"
RV,D167 Center 5,1100,1108,LAKE MILLS,489,1,"Red Queen by Victoria Aveyardard","Faith Christenson"
RV,D167 Center 5,1110,1118,DUBUQUE SENIOR,862,1,"","Emily Garrett"
RV,D167 Center 5,1120,1128,,
RV,D167 Center 5,1130,1138,INDEPENDENCE,262,1,"Clash of Clans","Grace Bertelli"
RV,D167 Center 5,1140,1148,FOREST CITY,006,2,"Grand Budapest Hotel","Stuart Yi"
RV,D167 Center 5,1150,1158,WEST DELAWARE,182,2,"A Brief History of a Galaxy Far, Far Away","Holden Smith"
RV,"D167 Center 5",1159,,BREAK,,
RV,D167 Center 5,1300,1308,DECORAH,448,2,"","Ben Dugger"
RV,D167 Center 5,1310,1318,SOUTH HAMILTON,117,1,"TBA","Josh Harms"
RV,D167 Center 5,1320,1328,CRESTWOOD,068,2,"The Polar Express","Lauren Butikofer"
RV,D167 Center 5,1330,1338,FOREST CITY,006,3,"Gilmore Girls","Sevanah Thomas"
RV,D167 Center 5,1340,1348,WAVERLY-SHELL ROCK,119,1,"","Amy Dong"
RV,D167 Center 5,1350,1358,WEST DELAWARE,182,3,"Friends","Leah Phillip"
RV,D167 Center 5,1400,1408,WATERLOO WEST,593,2,"","Zach Dorfman"
RV,"D167 Center 5",1409,,BREAK,,
RV,D167 Center 5,1425,1433,MAQUOKETA VALLEY,404,3,"Frozen","Brittany Sabers"
RV,D167 Center 5,1435,1443,SUMNER-FREDERICKSBURG,249,3,"Winnie the Pooh","Tori Williams"
RV,D167 Center 5,1445,1453,IOWA FALLS,873,2,"The Royal Tennenbaums","Max Adams"
SMT,Library Center 6, 800, 805,,
SMT,Library Center 6, 809, 814,CEDAR FALLS,302,3,"Ring of Keys","Sydney See"
SMT,Library Center 6, 818, 823,WAUKON,064,3,"Anything Goes","Matti Pladsen"
SMT,Library Center 6, 827, 832,WATERLOO WEST,593,3,"","Reubenlyn Williams"
SMT,Library Center 6, 836, 841,EDGEWOOD-COLESBURG,336,1,"I Dreamed a Dream","Allison Voss"
SMT,Library Center 6, 845, 850,WEST DELAWARE,182,1,"Divas Lament","Mariah Seeley"
SMT,Library Center 6, 854, 859,WAVERLY-SHELL ROCK 9TH,908,3,"","Sadie Hansen"
SMT,Library Center 6, 903, 908,DECORAH,448,2,"","Abby Trewin"
SMT,"Library Center 6", 913,,BREAK,,
SMT,Library Center 6, 920, 925,NEW HAMPTON 9TH,164,2,"Stars and The Moon","Sydney Lau"
SMT,Library Center 6, 929, 934,NEW HAMPTON,865,2,"Adelaides Lament","Grace Denner"
SMT,Library Center 6, 938, 943,GRUNDY CENTER,356,3,"Heaven Help Me Footloose","Jacob Waltersdorf"
SMT,Library Center 6, 947, 952,HAMPTON-DUMONT,420,3,"I really really love you","Jason Tello"
SMT,Library Center 6, 956,1001,DUBUQUE HEMPSTEAD,547,2,"In Short","Kennedy Keil"
SMT,Library Center 6,1005,1010,TRIPOLI,143,1,"Kindergarten Boyfriend","Ally Baker"
SMT,Library Center 6,1014,1019,WAUKON,064,1,"Kindergarten Boyfriend","Alexis Bahr"
SMT,Library Center 6,1023,1028,CLEAR LAKE,177,1,"On My Own (Les Misérables)","Emily VanderPloeg"
SMT,"Library Center 6",1033,,BREAK,,
SMT,Library Center 6,1045,1050,MASON CITY,836,1,"Wizard and I","Ben Siglin"
SMT,Library Center 6,1053,1058,EAGLE GROVE,031,2,"PART OF YOUR WORLD","Deb Fidder"
SMT,Library Center 6,1101,1106,WAVERLY-SHELL ROCK,119,3,"","Sophie Vowels"
SMT,Library Center 6,1109,1114,GLADBROOK-REINBECK,608,2,"Sal Tlay Ka Siti The Book of Mormon","Carley Crozier"
SMT,Library Center 6,1117,1122,CLAYTON RIDGE,644,1,"Who Id Be","Blake Bolsinger"
SMT,Library Center 6,1125,1130,APLINGTON-PARKERSBURG,149,2,"Calm","Kiersten Truax"
SMT,Library Center 6,1133,1138,FOREST CITY,006,2,"Sweeney Todd","Jonathan Sanasihn"
SMT,Library Center 6,1141,1146,,
SMT,"Library Center 6",1151,,BREAK,,
SMT,Library Center 6,1250,1255,MFL MARMAC,601,1,"","Walter Stavroplus"
SMT,Library Center 6,1259,1304,SUMNER-FREDERICKSBURG,249,1,"Edges","Cassidy Allison"
SMT,Library Center 6,1308,1313,BCLUW 9TH,619,1,"Pure Imagination","Ben Paper"
SMT,Library Center 6,1317,1322,BCLUW,247,1,"On My Own","Allison Fisher"
SMT,Library Center 6,1326,1331,Valley Lutheran High School,004,1,"","Blake Drinovsky"
SMT,Library Center 6,1335,1340,MASON CITY,836,2,"Live Out Loud","Jenna Lovik"
SMT,Library Center 6,1344,1349,NORTH IOWA,130,1,"DARRYL IS A BOY","Natalie Dirksen"
SMT,Library Center 6,1353,1358,TRIPOLI,143,3,"Pulled","Emily  Cheever"
SMT,"Library Center 6",1403,,BREAK,,
SMT,Library Center 6,1410,1415,DUNKERTON,692,3,"My Party Dress","Rylie Stanton"
SMT,Library Center 6,1419,1424,BELMOND-KLEMME,684,2,"So Much Better","Morgan Schlichting"
SMT,Library Center 6,1428,1433,CLEAR LAKE,177,3,"CANDIDES LAMENT","Isaac Byrne"
SMT,Library Center 6,1437,1442,WAUKON,064,2,"If I Were a Bell","Leah Riese"
SMT,Library Center 6,1446,1451,DUBUQUE WAHLERT,407,1,"Theres a Sucker Born Every Minute","Aidan McSperrin"
SMT,Library Center 6,1455,1500,WAVERLY-SHELL ROCK,119,2,"","Peyton Obermeier"
SMT,Library Center 6,1504,1509,DECORAH,448,3,"","Kyna Henson"
SMT,Library Center 6,1513,1518,SOUTH HARDIN,316,1,"TBA","Brie Kendall"
SMT,"Library Center 6",1523,,BREAK,,
SMT,Library Center 6,1530,1535,OSAGE,267,1,"POPULAR","Jessica Meier"
SMT,Library Center 6,1539,1544,LAKE MILLS,489,2,"The Life I Never Lived - Sister Act","Lydia Saxton"
SMT,Library Center 6,1548,1553,IOWA FALLS,873,3,"No Good Deed","Parker Willms"
SMT,Library Center 6,1557,1602,TURKEY VALLEY,578,3,"Time Heals Everything","Emily Dietzenbach"
SMT,Library Center 6,1606,1611,WATERLOO COLUMBUS,504,1,"Run Away with Me","Jacob Haag"
SMT,Library Center 6,1615,1620,HAMPTON-DUMONT,420,2,"Nothin in Common","Greg Cavazos"
SMT,Library Center 6,1624,1629,DUBUQUE SENIOR,862,3,"","Connor Ripperger"
SMT,Library Center 6,1633,1638,CENTRAL ELKADER,342,1,"Adelaides Lament","Melanie Lane"
SMT,Library Center 6,1642,1647,WATERLOO WEST,593,1,"","Katie Kemp"
SMT,Auditorium Center 16, 800, 805,DUBUQUE HEMPSTEAD,547,3,"When He Sees Me","Michael Ciesielski"
SMT,Auditorium Center 16, 809, 814,FOREST CITY,006,1,"History of Wrong Guys","Lydia Aberg"
SMT,Auditorium Center 16, 818, 823,Valley Lutheran High School,004,2,"","Geneva Basye"
SMT,Auditorium Center 16, 827, 832,WATERLOO WEST 9TH,436,2,"","Marley Millar"
SMT,Auditorium Center 16, 836, 841,SUMNER-FREDERICKSBURG,249,2,"Mixed Tape","Madi Luebbers"
SMT,Auditorium Center 16, 845, 850,MAQUOKETA VALLEY,404,1,"Kindergarten Love Song","Taylor Guthrie"
SMT,Auditorium Center 16, 854, 859,WAVERLY-SHELL ROCK 9TH,908,1,"","Ally Davis"
SMT,Auditorium Center 16, 903, 908,WAVERLY-SHELL ROCK,119,1,"","Aria Jensen"
SMT,"Auditorium Center 16", 912,,BREAK,,
SMT,Auditorium Center 16, 920, 925,CEDAR FALLS,302,1,"Pulled","Gabbie Holtzman"
SMT,Auditorium Center 16, 929, 934,STARMONT,029,1,"Daddys Hands","Ella Hamlett"
SMT,Auditorium Center 16, 938, 943,DECORAH,448,1,"","Linnea Carlson"
SMT,Auditorium Center 16, 947, 952,NEW HAMPTON 9TH,164,3,"Run Away With Me","William Throndson"
SMT,Auditorium Center 16, 956,1001,FOREST CITY,006,3,"If you got it, flaunt it.","Nathan Theel"
SMT,Auditorium Center 16,1005,1010,INDEPENDENCE,262,1,"Anything Goes","Zach Kurt"
SMT,Auditorium Center 16,1014,1019,WATERLOO WEST 9TH,436,1,"","Abby Avis"
SMT,Auditorium Center 16,1023,1028,AGWSR,345,3,"","Katie Gast"
SMT,"Auditorium Center 16",1032,,BREAK,,
SMT,Auditorium Center 16,1045,1050,BCLUW,247,3,"Almost There","Summer Kramer"
SMT,Auditorium Center 16,1053,1058,,
SMT,Auditorium Center 16,1101,1106,GRUNDY CENTER,356,1,"On my Own LeMiserables","Chloe Anderson"
SMT,Auditorium Center 16,1109,1114,NORTH IOWA,130,3,"FINISHING THE HAT","Zachary Dirksen"
SMT,Auditorium Center 16,1117,1122,SOUTH HAMILTON,117,1,"the life I never led","Anna Ervin"
SMT,Auditorium Center 16,1125,1130,WATERLOO WEST,593,2,"","Jabrea McDonald"
SMT,Auditorium Center 16,1133,1138,FOREST CITY 9TH,495,3,"Own This World","Josie Edel"
SMT,Auditorium Center 16,1141,1146,NORTH FAYETTE,350,1,"","Bethany Merkle"
SMT,"Auditorium Center 16",1150,,BREAK,,
SMT,Auditorium Center 16,1250,1255,CASCADE,469,2,"Dont Rain on My Parade","Rachel Smith"
SMT,Auditorium Center 16,1259,1304,EAST BUCHANAN,713,2,"Much More","Samantha Fults"
SMT,Auditorium Center 16,1308,1313,WEST FORK,363,1,"Is This Home?","Melanie Van Horn"
SMT,Auditorium Center 16,1317,1322,,
SMT,Auditorium Center 16,1326,1331,APLINGTON-PARKERSBURG,149,1,"Second-hand White Baby Grand","Emily Russell"
SMT,Auditorium Center 16,1335,1340,SOUTH WINNESHIEK,999,3,"Empty Chairs at Empty Tables","Sawyer Breitsprecher"
SMT,Auditorium Center 16,1344,1349,BCLUW,247,2,"I Dreamed A Dream","Madison VanCleave"
SMT,Auditorium Center 16,1353,1358,OSAGE,267,3,"THATS HOW YOU KNOW","Hannah Mauser"
SMT,"Auditorium Center 16",1402,,BREAK,,
SMT,Auditorium Center 16,1410,1415,WAUKON 9TH,642,1,"Cant Get A Man With a Gun","Emily Kolsrud"
SMT,Auditorium Center 16,1419,1424,NEW HAMPTON,865,3,"Kindergarten Boyfriend","Danni Priestley"
SMT,Auditorium Center 16,1428,1433,NORTH FAYETTE,350,2,"","Faith Johnston"
SMT,Auditorium Center 16,1437,1442,APLINGTON-PARKERSBURG,149,3,"Not Today","Trevor Haren"
SMT,Auditorium Center 16,1446,1451,DUBUQUE SENIOR,862,1,"","Brion Bowman"
SMT,Auditorium Center 16,1455,1500,DIKE-NEW HARTFORD,814,1,"When Will My Life Begin","Mallory Laube"
SMT,Auditorium Center 16,1504,1509,IOWA FALLS,873,2,"Nothing","Dalani McKibben"
SMT,Auditorium Center 16,1513,1518,MAYNARD WEST CENTRAL,225,2,"Shy","Mary McDonough"
SMT,"Auditorium Center 16",1522,,BREAK,,
SMT,Auditorium Center 16,1530,1535,TURKEY VALLEY,578,2,"I Know Its Today","Carrie Rassman"
SMT,Auditorium Center 16,1539,1544,SUMNER-FREDERICKSBURG,249,3,"Does Your Mother ","Valerie Allison"
SMT,Auditorium Center 16,1548,1553,WAVERLY-SHELL ROCK 9TH,908,2,"","Anna Hoins"
SMT,Auditorium Center 16,1557,1602,NORTH FAYETTE,350,3,"","Lily Poppen"
SMT,Auditorium Center 16,1606,1611,SAINT ANSGAR,817,3,"I believe in you","Jesse Bless"
SMT,Auditorium Center 16,1615,1620,DUBUQUE SENIOR,862,2,"","Seamus Foley"
SMT,Auditorium Center 16,1624,1629,INDEPENDENCE,262,3,"Popular ","Kira Reed"
SMT,Auditorium Center 16,1633,1638,CLARKSVILLE,760,2,"She Used to Be Mine","Maddie Poppe"
SS,D153 Center 7, 800, 808,WAVERLY-SHELL ROCK,119,3,"","Weston Harby"
SS,D153 Center 7, 810, 818,INDEPENDENCE,262,3,"","Nick Gorman"
SS,D153 Center 7, 820, 828,,
SS,D153 Center 7, 830, 838,STARMONT,029,1,"","Russell Manternach"
SS,D153 Center 7, 840, 848,WATERLOO COLUMBUS,504,3,"","Riki Menning"
SS,D153 Center 7, 850, 858,WATERLOO WEST 9TH,436,3,"","Shanda Pitman"
SS,D153 Center 7, 900, 908,DUBUQUE SENIOR,862,2,"","Josh Mauss"
SS,"D153 Center 7", 910,,BREAK,,
SS,D153 Center 7, 925, 933,MAQUOKETA VALLEY,404,3,"","Brianna Mensen"
SS,D153 Center 7, 935, 943,WESTERN DUBUQUE,675,1,"","Benjamin Howard"
SS,D153 Center 7, 945, 953,NEW HAMPTON,865,2,"","Collen Mahoney"
SS,D153 Center 7, 955,1003,WAVERLY-SHELL ROCK 9TH,908,3,"","Sam Potter"
SS,D153 Center 7,1005,1013,WAVERLY-SHELL ROCK,119,1,"","Andy Newell"
SS,D153 Center 7,1015,1023,INDEPENDENCE,262,1,"","Eric Lympus"
SS,D153 Center 7,1025,1033,EDGEWOOD-COLESBURG,336,2,"","Payton Rochford"
SS,"D153 Center 7",1035,,BREAK,,
SS,D153 Center 7,1050,1058,WEST DELAWARE,182,3,"","Nolan Monaghan"
SS,D153 Center 7,1100,1108,DUBUQUE SENIOR,862,1,"","Caroline Brondyke"
SS,D153 Center 7,1110,1118,ROCKFORD,210,2,"","Katie Hirv"
SS,D153 Center 7,1120,1128,BCLUW,247,2,"","Hannah Sams"
SS,D153 Center 7,1130,1138,OSAGE,267,1,"","Joe Clark"
SS,D153 Center 7,1140,1148,DECORAH,448,1,"","Brianna Doyle"
SS,D153 Center 7,1150,1158,GRUNDY CENTER,356,2,"","Tiana Saak"
SS,"D153 Center 7",1200,,BREAK,,
SS,D153 Center 7,1300,1308,WEST HANCOCK,271,1,"","David Wade"
SS,D153 Center 7,1310,1318,CENTRAL SPRINGS,565,2,"","Scott Magnuson"
SS,D153 Center 7,1320,1328,SOUTH HAMILTON,117,1,"","Kenady Campbell"
SS,D153 Center 7,1330,1338,DECORAH,448,3,"","Brenna Betts"
SS,D153 Center 7,1340,1348,HAMPTON-DUMONT,420,2,"","Mahlon Miller"
SS,D153 Center 7,1350,1358,WATERLOO COLUMBUS,504,1,"","Dan Noonan-Day"
SS,D153 Center 7,1400,1408,FOREST CITY,006,1,"","Nathan Theel"
SS,"D153 Center 7",1410,,BREAK,,
SS,D153 Center 7,1425,1433,CENTRAL SPRINGS,565,1,"","Kyle Ebel"
SS,D153 Center 7,1435,1443,BCLUW,247,1,"","Allison Fisher"
SS,D153 Center 7,1445,1453,NEW HAMPTON,865,3,"","Celena Quirk"
SS,D153 Center 7,1455,1503,FOREST CITY,006,3,"","Samuel Rdinger"
SS,D153 Center 7,1505,1513,CLAYTON RIDGE,644,1,"","Kelly Hawkins"
SS,D153 Center 7,1515,1523,WATERLOO COLUMBUS,504,2,"","Jacob Haag"
SS,D153 Center 7,1525,1533,SOUTH HARDIN,316,1,"","Ashley Heubner"
SS,"D153 Center 7",1535,,BREAK,,
SS,D153 Center 7,1550,1558,SAINT ANSGAR,817,1,"","Jaz Storgaard"
SS,D153 Center 7,1600,1608,IOWA FALLS,873,1,"","Micaela Choate"
SS,D153 Center 7,1610,1618,MAYNARD WEST CENTRAL,225,1,"","Alexander Hepperle"
SS,D153 Center 7,1620,1628,FOREST CITY,006,2,"","Dylan Albertson"
SS,D153 Center 7,1630,1638,APLINGTON-PARKERSBURG,149,1,"","Matthew Zinnecker"
AD,B149 Center 8, 800, 806,INDEPENDENCE,262,1,"Love of nicknames","Kira Reed"
AD,B149 Center 8, 808, 814,Dubuque Senior 9th,371,1,"","Will LaFoe"
AD,B149 Center 8, 816, 822,MAQUOKETA VALLEY,404,1,"CDOO","Riley Sternhagen"
AD,B149 Center 8, 824, 830,MAQUOKETA VALLEY 9TH,566,1,"Disney Villians Alliance","Emma McDowell"
AD,B149 Center 8, 832, 838,DUBUQUE SENIOR,862,1,"","Hannah Burke"
AD,B149 Center 8, 840, 846,WAUKON,064,1,"Dating Help for Men","Adam Gruman"
AD,B149 Center 8, 848, 854,STARMONT,029,3,"Gabrielle AD","Gabrielle Moellers"
AD,B149 Center 8, 856, 902,WEST DELAWARE 9TH,115,2,"How to Get Babes: Middle School Style","Justin Grawe"
AD,"B149 Center 8", 905,,BREAK,,
AD,B149 Center 8, 915, 921,UNION,112,2,"International League of B.A.C.H.","Nathan LeRoy"
AD,B149 Center 8, 923, 929,NORTH FAYETTE,350,2,"","Eiler Merkle"
AD,B149 Center 8, 931, 937,NORTH BUTLER,919,2,"Untitled","Jacob Kruse"
AD,B149 Center 8, 939, 945,CRESTWOOD,068,1,"Seniority","Abby Kennon"
AD,B149 Center 8, 947, 953,WAPSIE VALLEY,712,1,"Big Families Big Headaches","Kyle Zimmerman"
AD,B149 Center 8, 955,1001,CEDAR FALLS,302,2,"Quiting","Ariella Vernon"
AD,B149 Center 8,1003,1009,MASON CITY,836,3,"To Hate Kevin","Randy Davenport"
AD,B149 Center 8,1011,1017,NEW HAMPTON,865,1,"Dont Share, Its Communist","Foster Popken"
AD,B149 Center 8,1019,1025,APLINGTON-PARKERSBURG,149,1,"Frozen Food Emmys","Grant Truax"
AD,"B149 Center 8",1028,,BREAK,,
AD,B149 Center 8,1040,1046,WATERLOO WEST,593,2,"","Ashanti Byrd"
AD,B149 Center 8,1048,1054,WAVERLY-SHELL ROCK 9TH,908,1,"","Anna SmolikHagen"
AD,B149 Center 8,1056,1102,OSAGE,267,1,"Musical Theater","Hailey Gentz"
AD,B149 Center 8,1104,1110,MAQUOKETA VALLEY,404,3,"WAISA","Colin Wendt"
AD,B149 Center 8,1112,1118,WAVERLY-SHELL ROCK,119,1,"","Jared McLey"
AD,B149 Center 8,1120,1126,WEST DELAWARE,182,2,"Parents Guide to Teens Going to High School","Kara Hawker"
AD,B149 Center 8,1128,1134,GLADBROOK-REINBECK,608,1,"RMF-Resting Mean Face","Waverly Robinett"
AD,B149 Center 8,1136,1142,CEDAR FALLS,302,1,"Corgis","Alex Escalada"
AD,B149 Center 8,1144,1150,CLEAR LAKE,177,1,"Product Placement","Grant Dieken"
AD,"B149 Center 8",1153,,BREAK,,
AD,B149 Center 8,1240,1246,WEBSTER CITY,569,1,"Into the Wild","Zach Dodge"
AD,B149 Center 8,1248,1254,DECORAH,448,1,"","Makinzie Monroe"
AD,B149 Center 8,1256,1302,FOREST CITY,006,2,"Amature Comedians","Shaden Tweeten"
AD,B149 Center 8,1304,1310,CEDAR FALLS,302,3,"Disney Movies","Katarina Walther"
AD,B149 Center 8,1312,1318,MAQUOKETA VALLEY 9TH,566,2,"Fellow Elves of the North Pole","Katilyn Deutmeyer"
AD,B149 Center 8,1320,1326,DUBUQUE SENIOR,862,3,"","Kasey Lyons"
AD,B149 Center 8,1328,1334,NORTH BUTLER,919,1,"FDA","Addyson Clark"
AD,B149 Center 8,1336,1342,CRESTWOOD,068,2,"Band Camp","Justin Holt"
AD,B149 Center 8,1344,1350,IOWA FALLS,873,1,"F.I.S.H. Finding Incredible Single Hotties","Emma Hampe"
AD,"B149 Center 8",1353,,BREAK,,
AD,B149 Center 8,1405,1411,NORTH IOWA,130,1,"STORYLAND REVIVAL","Lexis Julsrud-Wertjes"
AD,B149 Center 8,1413,1419,MASON CITY,836,2,"Meme Madness","Maddison McChesney"
AD,B149 Center 8,1421,1427,DECORAH 9TH,776,2,"","Sydney Landstrom"
AD,B149 Center 8,1429,1435,INDEPENDENCE,262,3,"Nightmare4s in the 21st Century","Reagan Kremer"
AD,B149 Center 8,1437,1443,DECORAH,448,2,"","Alex Nesset"
AD,B149 Center 8,1445,1451,,
AD,B149 Center 8,1453,1459,WEST DELAWARE,182,1,"Instagram Etiquette","Jacob Gasper"
AD,B149 Center 8,1501,1507,WAVERLY-SHELL ROCK,119,3,"","Oliivia Dunn"
AD,B149 Center 8,1509,1515,WAVERLY-SHELL ROCK 9TH,908,3,"","Greta Henderson"
AD,"B149 Center 8",1518,,BREAK,,
AD,B149 Center 8,1525,1531,WATERLOO COLUMBUS,504,1,"untitled","Emily Leibold"
AD,B149 Center 8,1533,1539,WEBSTER CITY,569,3,"Heartbreak 101","Katie Greenfield"
AD,B149 Center 8,1541,1547,FOREST CITY,006,1,"The Finger","Cheyanne Chapin"
AD,B149 Center 8,1549,1555,DUBUQUE SENIOR,862,2,"","ethan vanderbroek"
AD,B149 Center 8,1557,1603,DIKE-NEW HARTFORD,814,2,"","John Crew"
AD,B149 Center 8,1605,1611,FOREST CITY 9TH,495,1,"Curse JK","Natalie Jefson"
AD,B149 Center 8,1613,1619,SUMNER-FREDERICKSBURG,249,2,"Here It Goes","Elysa Hamptom"
AD,B149 Center 8,1621,1627,NORTH FAYETTE,350,1,"","Bryce Smith"
AD,"B149 Center 8",1630,,BREAK,,
AD,B149 Center 8,1640,1646,IOWA FALLS,873,2,"Agriculture is My Boyfriend","Micaela Choate"
AD,B149 Center 8,1648,1654,SOUTH HAMILTON,117,1,"bridesmaid turns salty","Gabbi Struchen"
AD,B149 Center 8,1656,1702,APLINGTON-PARKERSBURG,149,2,"How To Be A Slacker","Jacob Abbas"
AD,B149 Center 8,1704,1710,NORTH IOWA,130,2,"TWINSFEST","Noah Melz"
AD,B149 Center 8,1712,1718,SUMNER-FREDERICKSBURG,249,1,"How to be Evil","Cassidy Allison"
AD,B149 Center 8,1720,1726,NORTH BUTLER,919,3,"Stuck In the Middle","Sarah Goodrich"
AD,B149 Center 8,1728,1734,MAQUOKETA VALLEY,404,2,"The PMS Party","Angie Wilson"
AD,B149 Center 8,1736,1742,DIKE-NEW HARTFORD,814,1,"","Andrew Sloth"
PO,B147 Center 9, 800, 806,FOREST CITY,006,1,"Charge of the Light Brigade","Stuart Yi"
PO,B147 Center 9, 809, 815,DUBUQUE HEMPSTEAD,547,2,"Spelling Father","Kennedy Keil"
PO,B147 Center 9, 818, 824,CASCADE,469,2,"Next To Nothing","Samantha Knepper"
PO,B147 Center 9, 827, 833,JESUP,487,3,"Skidmark Heart","Emily Nedgl"
PO,B147 Center 9, 836, 842,UNION,112,3,"Please Hear What I Am Not Saying","Liz Wilson"
PO,B147 Center 9, 845, 851,SUMNER-FREDERICKSBURG,249,2,"Shame","Lindsey Meyer"
PO,B147 Center 9, 854, 900,,
PO,B147 Center 9, 903, 909,CLARKSVILLE,760,1,"Changing the Past/The Secrets We Hide","Makayla Holub"
PO,"B147 Center 9", 911,,BREAK,,
PO,B147 Center 9, 920, 926,WEST DELAWARE,182,2,"Pass On","Kaylar Recker"
PO,B147 Center 9, 929, 935,NEW HAMPTON 9TH,164,2,"21, Disease of Addiction, Lost","Quenten Putney"
PO,B147 Center 9, 938, 944,DENVER,423,2,"Undecided","Isabel Robbins"
PO,B147 Center 9, 947, 953,Valley Lutheran High School,004,1,"","Geneva Basye"
PO,B147 Center 9, 956,1002,SOUTH HARDIN,316,1,"Still I Rise/ In Spite of War","Ashley Heubner "
PO,B147 Center 9,1005,1011,WESTERN DUBUQUE,675,3,"WD Poetry Selection 2","Emily Silich"
PO,B147 Center 9,1014,1020,WAVERLY-SHELL ROCK,119,1,"","Emily Steere"
PO,B147 Center 9,1023,1029,DUBUQUE SENIOR,862,1,"","Abbigail Markus"
PO,"B147 Center 9",1031,,BREAK,,
PO,B147 Center 9,1045,1051,GLADBROOK-REINBECK,608,2,"Parents Are the Hardest People to Please","Waverly Robinett"
PO,B147 Center 9,1053,1059,GARNER-HAYFIELD 9TH,722,2,"School Lunch","Maddie Williams"
PO,B147 Center 9,1101,1107,RICEVILLE,328,1,"Television","Mikal Percival"
PO,B147 Center 9,1109,1115,SOUTH HAMILTON,117,2,"The first time I uttered a prayer","Grace Silva"
PO,B147 Center 9,1117,1123,INDEPENDENCE,262,2,"Dementia Poems","Karlie Michael"
PO,B147 Center 9,1125,1131,CEDAR FALLS,302,3,"Truth About Rape","Syndey Coloff"
PO,B147 Center 9,1133,1139,NORTH FAYETTE,350,1,"","Bailey Potratz"
PO,B147 Center 9,1141,1147,WEST HANCOCK,271,3,"S For Lisp","David Wade"
PO,"B147 Center 9",1149,,BREAK,,
PO,B147 Center 9,1250,1256,APLINGTON-PARKERSBURG,149,2,"She Hulk","Leah Decker"
PO,B147 Center 9,1259,1305,WAVERLY-SHELL ROCK,119,3,"","Olivia Gomes"
PO,B147 Center 9,1308,1314,DUNKERTON,692,2,"","Mady Robinson"
PO,B147 Center 9,1317,1323,TRIPOLI,143,2,"God in Code","Jennifer Stumme"
PO,B147 Center 9,1326,1332,MFL MARMAC,601,3,"","Dakota Hickman"
PO,B147 Center 9,1335,1341,CHARLES CITY,037,2,"Paranoid: A chant","Brian Feres"
PO,B147 Center 9,1344,1350,CLARION-GOLDFIELD,810,1,"Song of Myself","Gracey Olson"
PO,B147 Center 9,1353,1359,DUBUQUE WAHLERT,407,1,"Prelude #2 / Dinosauria, We / The Laughing Heart","Maria Ottavi"
PO,"B147 Center 9",1402,,BREAK,,
PO,B147 Center 9,1410,1416,DENVER,423,1,"Believe","Angie Burke"
PO,B147 Center 9,1419,1425,DUBUQUE SENIOR,862,2,"","Avery Michels"
PO,B147 Center 9,1428,1434,Dubuque Senior 9th,371,2,"","Christian Neises"
PO,B147 Center 9,1437,1443,ROCKFORD,210,2,"","Sadie Arickx"
PO,B147 Center 9,1446,1452,CLAYTON RIDGE,644,3,"Pretty Hurts","Rebecca Scherer"
PO,B147 Center 9,1455,1501,INDEPENDENCE,262,1,"OCD","Avery Nabholz"
PO,B147 Center 9,1504,1510,NEW HAMPTON,865,1,"Living With Depression, A Good Day","Hannah Schwickerath"
PO,B147 Center 9,1513,1519,LAKE MILLS,489,1,"THE CONTRAST OF LOVE AND HATE","Becca Evans"
PO,"B147 Center 9",1521,,BREAK,,
PO,B147 Center 9,1530,1536,Dubuque Senior 9th,371,3,"","Kate Tonn"
PO,B147 Center 9,1539,1545,NORTHWOOD-KENSETT,661,1,"The Giving Tree","Dali Cansino"
PO,B147 Center 9,1548,1554,WATERLOO COLUMBUS,504,3,"On Love","Jake Nemmers"
PO,B147 Center 9,1557,1603,WAUKON,064,2,"To This Day","Emily Hammel"
PO,B147 Center 9,1606,1612,UNION 9TH,769,1,"In The Childrens Hospital: Emmie","Delaney Shares"
PO,B147 Center 9,1615,1621,GARNER-HAYFIELD,052,1,"A device for Teenage Girls","Anna Williams"
PO,B147 Center 9,1624,1630,NEW HAMPTON,865,2,"Alone, The Raven","Foster Popken"
PO,B147 Center 9,1633,1639,RICEVILLE 9TH,015,1,"Muncha Buncha Lunch","Makayla Percival"
PO,B144 Center 10, 800, 806,IOWA FALLS,873,2,"Collection of Love Poems","Jasmine Kent"
PO,B144 Center 10, 809, 815,MAQUOKETA VALLEY 9TH,566,1,"The Little Boy","Kelsey Ries"
PO,B144 Center 10, 818, 824,Dubuque Senior 9th,371,1,"","Hannah Compton"
PO,B144 Center 10, 827, 833,CENTRAL ELKADER,342,2,"B (If I Should Have a Daughter)","Mackenzie Vlazny"
PO,B144 Center 10, 836, 842,WESTERN DUBUQUE,675,2,"WD Poetry Selection","Jenna Errthum"
PO,B144 Center 10, 845, 851,WAVERLY-SHELL ROCK,119,2,"","Hannah Hennings"
PO,B144 Center 10, 854, 900,WATERLOO CHRISTIAN HIGH SCHOOL,612,1,"Overcoming Adversity","Jayda Pena"
PO,B144 Center 10, 903, 909,DUBUQUE HEMPSTEAD,547,1,"DBQHemp Poetry #1","Emily Tigges"
PO,"B144 Center 10", 912,,BREAK,,
PO,B144 Center 10, 920, 926,STARMONT,029,1,"CKeppler","Chantel Keppler"
PO,B144 Center 10, 929, 935,UNION,112,1,"To This Day","Jacob Opperman"
PO,B144 Center 10, 938, 944,WATERLOO WEST 9TH,436,1,"","Kaitlyn Stainbrook"
PO,B144 Center 10, 947, 953,MFL MARMAC,601,1,"","Ayla Boylen"
PO,B144 Center 10, 956,1002,CASCADE,469,1,"The Three Little Pigs","Preston Geerts"
PO,B144 Center 10,1005,1011,CLAYTON RIDGE,644,1,"Simon","Alex Simon"
PO,B144 Center 10,1014,1020,WESTERN DUBUQUE,675,1,"Aspiration and Limitations","Taylor Peterson"
PO,B144 Center 10,1023,1029,WEST DELAWARE,182,1,"Explain My Depression to My Mother: A Conversation","Kaitlyn Reth"
PO,"B144 Center 10",1032,,BREAK,,
PO,B144 Center 10,1045,1051,MAQUOKETA VALLEY 9TH,566,3,"Daddys Day","Stefanie Hansen"
PO,B144 Center 10,1053,1059,,
PO,B144 Center 10,1101,1107,BELMOND-KLEMME,684,3,"For Annie and Annabel Lee","Maddie Mason"
PO,B144 Center 10,1109,1115,MASON CITY,836,3,"There is no the end","Tyler Nestvedt"
PO,B144 Center 10,1117,1123,DECORAH 9TH,776,3,"","Sara Gehling"
PO,B144 Center 10,1125,1131,,
PO,B144 Center 10,1133,1139,JESUP,487,1,"Jesup Poetry #1","Angelica Perez"
PO,B144 Center 10,1141,1147,WEST HANCOCK,271,2,"Whale 52","Brice Kudej"
PO,"B144 Center 10",1150,,BREAK,,
PO,B144 Center 10,1250,1256,CEDAR FALLS,302,2,"The Hallow Men","Joel Bruss"
PO,B144 Center 10,1259,1305,WATERLOO WEST,593,1,"","Bianca Frazier"
PO,B144 Center 10,1308,1314,DUBUQUE SENIOR,862,3,"","James Riley"
PO,B144 Center 10,1317,1323,INDEPENDENCE,262,3,"What Are Your Symptoms","Reagan Kremer"
PO,B144 Center 10,1326,1332,,
PO,B144 Center 10,1335,1341,CLARION-GOLDFIELD,810,2,"Escape","Kaitlynn Fields"
PO,B144 Center 10,1344,1350,APLINGTON-PARKERSBURG,149,1,"My Chains Are Gone","Ben Decker"
PO,B144 Center 10,1353,1359,CLARKSVILLE,760,2,"OCD and Explaining My Depression","Grace DeGroote"
PO,"B144 Center 10",1402,,BREAK,,
PO,B144 Center 10,1410,1416,CEDAR FALLS,302,1,"All Aboard the Time Limited","Emily Bruss"
PO,B144 Center 10,1419,1425,FOREST CITY,006,2,"ELECHA ON AZALEA METH","Rachel Saatmann"
PO,B144 Center 10,1428,1434,OSAGE,267,2,"TELEVISION","Gillian Johanns"
PO,B144 Center 10,1437,1443,SOUTH HARDIN,316,3,"Man vs. Earth/ Dear Future Generations; Sorry","Josh Brown"
PO,B144 Center 10,1446,1452,CLEAR LAKE,177,1,"TBA","Emily VanderPloeg"
PO,B144 Center 10,1455,1501,MAQUOKETA VALLEY,404,2,"Excerpts from Crank/Losing Someone Special","BrieAnna Nielson"
PO,B144 Center 10,1504,1510,CASCADE,469,3,"To Think I Saw It On Mulberry Street","macie weber"
PO,B144 Center 10,1513,1519,SUMNER-FREDERICKSBURG,249,3,"Addictions","Madi Luebbers"
PO,"B144 Center 10",1522,,BREAK,,
PO,B144 Center 10,1530,1536,LAKE MILLS,489,2,"Labels","Emerald Gau"
PO,B144 Center 10,1539,1545,CENTRAL ELKADER,342,1,"Reflections","Kristi Eberhardt"
PO,B144 Center 10,1548,1554,DECORAH,448,1,"","Lydia Kleckner"
PO,B144 Center 10,1557,1603,CRESTWOOD,068,2,"A Series of Unfortunate Love Poems","Kaylee Nicoll"
PO,B144 Center 10,1606,1612,FOREST CITY,006,3,"Youre Only Old Once","Sevanah Thomas"
PO,B144 Center 10,1615,1621,SOUTH WINNESHIEK,999,2,"Dead Doll Eyes; Rape","Libby Manning"
PO,B144 Center 10,1624,1630,DUNKERTON,692,1,"Dreams Needle","Kayli Finck"
PO,B144 Center 10,1633,1639,SOUTH HAMILTON,117,1,"Victimized","Alexis F Herbert"
PO,B137 Center 13, 925, 931,CRESTWOOD,068,1,"From This Broken Couch","Anna Matter"
PO,B137 Center 13, 935, 941,NORTH FAYETTE,350,2,"","Destany Otto"
PO,B137 Center 13, 945, 951,MAQUOKETA VALLEY,404,1,"The Invitation","Kiesha Stelken"
PO,B137 Center 13, 955,1001,WEST DELAWARE,182,3,"OCD","Kyle Curley"
PO,B137 Center 13,1005,1011,UNION,112,2,"Alice, Sweet Alice","Kassidy Ziein"
PO,B137 Center 13,1015,1021,BECKMAN,540,2,"Victims of War","Heather Boeckenstedt"
PO,B137 Center 13,1025,1031,GARNER-HAYFIELD 9TH,722,1,"","Brielle Smeby"
PO,"B137 Center 13",1035,,BREAK,,
PO,B137 Center 13,1250,1256,RICEVILLE,328,3,"The Three Little Pigs","Brian Lewis "
PO,B137 Center 13,1300,1306,CLEAR LAKE,177,2,"This is who I am","Milo Dugan"
PO,B137 Center 13,1310,1316,TRIPOLI,143,3,"Excuse","Katherine Kemp"
PO,B137 Center 13,1320,1326,AGWSR,345,2,"Why I Hate Religion But Love Jesus","Isabelle Norton"
PO,B137 Center 13,1330,1336,GLADBROOK-REINBECK,608,1,"Hands","Brittany Yates"
PO,B137 Center 13,1340,1346,GARNER-HAYFIELD,052,3,"","Emily Howke"
PO,B137 Center 13,1350,1356,JESUP,487,2,"To the boys who may one day date my daughter","Brian Friedly"
PO,"B137 Center 13",1400,,BREAK,,
PO,B137 Center 13,1530,1536,MAQUOKETA VALLEY,404,3,"11:21 a.m.","Natalie Neuzil"
PO,B137 Center 13,1540,1546,WAUKON,064,3,"The Highwayman","Leah Riese"
PO,B137 Center 13,1550,1556,MFL MARMAC,601,2,"","Sharlene Routt"
PO,B137 Center 13,1600,1606,NORTH BUTLER 9TH,680,1,"Pain","Emy Osterbuhr"
PO,B137 Center 13,1610,1616,ROCKFORD,210,3,"","Samuel Arickx"
PO,B137 Center 13,1620,1626,KEE,424,1,"McQuade poetry","Aubreanna McQuade"
PO,B137 Center 13,1630,1636,DENVER,423,3,"Love Revived","Madison Neisen"
PO,B137 Center 13,1640,1646,OSAGE,267,3,"CHARLES WHITMAN POEMS","Matthew Huisman"
PR,B141 Center 11, 800, 806,FOREST CITY,006,1,"Rindercella","Sarri Happel"
PR,B141 Center 11, 809, 815,WEST DELAWARE,182,2,"You Should Date an Illiterate Girl","Jacob Gasper"
PR,B141 Center 11, 818, 824,WATERLOO WEST,593,2,"","Jocelyn Roof"
PR,B141 Center 11, 827, 833,CASCADE,469,3,"Crazy","Stephanie Peiffer"
PR,B141 Center 11, 836, 842,Dubuque Senior 9th,371,1,"","Adi Canganelli"
PR,B141 Center 11, 845, 851,WESTERN DUBUQUE,675,1,"Bringing Up Parents the Okay Way","Haley MacInerney"
PR,B141 Center 11, 854, 900,,
PR,B141 Center 11, 903, 909,Valley Lutheran High School,004,2,"","Sarah Rich"
PR,"B141 Center 11", 912,,BREAK,,
PR,B141 Center 11, 920, 926,GRUNDY CENTER,356,1,"TBA","Paul Hamann"
PR,B141 Center 11, 929, 935,GLADBROOK-REINBECK,608,2,"Out of Touch with my Feminine Side","Morgan Kelley"
PR,B141 Center 11, 938, 944,HAMPTON-DUMONT,420,1,"The Tooth, the Whole Tooth and nothing but the Tooth","Karla Vega"
PR,B141 Center 11, 947, 953,WATERLOO CHRISTIAN HIGH SCHOOL,612,2,"The Magicians Nephew","Ruth Schares"
PR,B141 Center 11, 956,1002,WEST DELAWARE 9TH,115,3,"The Fun-Filled Family Vacation","Rebecca Cole"
PR,B141 Center 11,1005,1011,SUMNER-FREDERICKSBURG,249,2,"Blowing in the Wind","Sam Webb"
PR,B141 Center 11,1014,1020,WAVERLY-SHELL ROCK,119,1,"","Bea Salmen"
PR,B141 Center 11,1023,1029,JESUP,487,3,"Coming Out straight ","Tanner Moran"
PR,"B141 Center 11",1032,,BREAK,,
PR,B141 Center 11,1045,1051,NORTH BUTLER,919,1,"Any Juniors Nightmare","Clay Shultz"
PR,B141 Center 11,1053,1059,RICEVILLE,328,2,"Boys","Savannah Sullivan"
PR,B141 Center 11,1101,1107,INDEPENDENCE,262,2,"Fallout","Alyssa Jensen"
PR,B141 Center 11,1109,1115,OSAGE,267,3,"PERIL OF STORIES","Claire Sullivan"
PR,B141 Center 11,1117,1123,IOWA FALLS,873,2,"I am not black, you are not white","Prince Miller"
PR,B141 Center 11,1125,1131,WEST HANCOCK 9TH,567,1,"Amazing Grace","Kacie Eliason"
PR,B141 Center 11,1133,1139,OSAGE 9TH,417,1,"A SUNNY DAY IN APRIL","Jenna Plotzke"
PR,B141 Center 11,1141,1147,LAKE MILLS,489,2,"CLOTHES I HAVE REGRETTED WEARING","MIA FAUGSTAD"
PR,"B141 Center 11",1150,,BREAK,,
PR,B141 Center 11,1250,1256,SOUTH WINNESHIEK,999,3,"Life in the Fat Lane","RaeAnn Klimesh"
PR,B141 Center 11,1259,1305,CHARLES CITY,037,2,"The Night the Ghost Got In","Jonathan Baxter"
PR,B141 Center 11,1308,1314,DUBUQUE SENIOR,862,3,"","Lauren Winter"
PR,B141 Center 11,1317,1323,WEST HANCOCK,271,3,"NO MORE MR FUNNY GUY","Sam Smith"
PR,B141 Center 11,1326,1332,WEBSTER CITY,569,2,"Raising Dragons","Stacey Meyer"
PR,B141 Center 11,1335,1341,WATERLOO EAST,019,1,"A Child Called It","David Phetmanysay"
PR,B141 Center 11,1344,1350,BELMOND-KLEMME,684,1,"A Mad Tea-Party","Hailey Barrus"
PR,B141 Center 11,1353,1359,CRESTWOOD 9TH,392,1,"Because of Winn Dixie","Alison Butikofer"
PR,"B141 Center 11",1402,,BREAK,,
PR,B141 Center 11,1410,1416,OSAGE,267,2,"Missing Natalie","Macy Ott"
PR,B141 Center 11,1419,1425,WEST HANCOCK,271,2,"The Dating Game","Emma Chizek"
PR,B141 Center 11,1428,1434,NORTH IOWA,130,3,"WILL YOU STAY","Jade Fardal"
PR,B141 Center 11,1437,1443,EAGLE GROVE,031,3,"THE HOT SEAT","Mariana Gonzalez"
PR,B141 Center 11,1446,1452,CENTRAL SPRINGS,565,1,"My Mom took my phone away and Im going crazy","Abby Rye"
PR,B141 Center 11,1455,1501,DECORAH,448,1,"","Autumn DeLong"
PR,B141 Center 11,1504,1510,CRESTWOOD,068,3,"Your Wicked Parts","Skye Meinecke"
PR,B141 Center 11,1513,1519,TRIPOLI,143,1,"Disney Bowling","Allison Little"
PR,"B141 Center 11",1522,,BREAK,,
PR,B141 Center 11,1530,1536,KEE,424,2,"Ill Be Looking For You, Ace","Annika Stahl"
PR,B141 Center 11,1539,1545,,
PR,B141 Center 11,1548,1554,INDEPENDENCE,262,3,"How Could You","Jenna Shonk"
PR,B141 Center 11,1557,1603,WAUKON,064,3,"Handsome and Gruesome","Matt Hoins"
PR,B141 Center 11,1606,1612,TURKEY VALLEY,578,2,"Unknown ","Jenna Schmitt"
PR,B141 Center 11,1615,1621,CRESTWOOD,068,1,"Paper Towns","Cassy Kennon"
PR,B141 Center 11,1624,1630,IOWA FALLS,873,1,"Mothers Can be Interesting People","Hayley Senne"
PR,B141 Center 11,1633,1639,MAQUOKETA VALLEY,404,3,"The Thing About Goldfish","Nichole Winter"
PR,B139 Center 12, 800, 806,WEST DELAWARE,182,1,"Theres a Man in the Woods","Christian Schnieders"
PR,B139 Center 12, 809, 815,DON BOSCO,303,1,"Corkery Prose","Alyssa Corkery"
PR,B139 Center 12, 818, 824,FOREST CITY,006,3,"The Long Con","Joe Coombs"
PR,B139 Center 12, 827, 833,WAVERLY-SHELL ROCK,119,2,"","Lexi Chapman"
PR,B139 Center 12, 836, 842,WATERLOO CHRISTIAN HIGH SCHOOL,612,3,"The Lion, the Witch, and the Wardrobe","Tessa Wynthein"
PR,B139 Center 12, 845, 851,Dubuque Senior 9th,371,3,"","Joel Salwolke"
PR,B139 Center 12, 854, 900,DUNKERTON,692,2,"","Sarah Heideman"
PR,B139 Center 12, 903, 909,EDGEWOOD-COLESBURG,336,3,"Cut","Taylor Bockenstedt"
PR,"B139 Center 12", 912,,BREAK,,
PR,B139 Center 12, 920, 926,AGWSR,345,2,"Here Comes the Bride","Emily Henning"
PR,B139 Center 12, 929, 935,WATERLOO COLUMBUS,504,1,"Dear Bully","Anna Cutsforth"
PR,B139 Center 12, 938, 944,WATERLOO WEST,593,3,"","Madison Chidester"
PR,B139 Center 12, 947, 953,CEDAR FALLS,302,1,"Creepers","Cassidy Christopher"
PR,B139 Center 12, 956,1002,WESTERN DUBUQUE,675,3,"To Kill a Mockingbird","Niki Weber"
PR,B139 Center 12,1005,1011,DECORAH,448,2,"","Laurel Fadness"
PR,B139 Center 12,1014,1020,DUBUQUE SENIOR,862,2,"","James Riley"
PR,B139 Center 12,1023,1029,FOREST CITY 9TH,495,1,"Band Practice","Gabe Staudt"
PR,"B139 Center 12",1032,,BREAK,,
PR,B139 Center 12,1045,1051,MASON CITY 9TH,153,3,"TBA","Marcus Buttweiler"
PR,B139 Center 12,1053,1059,WEST DELAWARE 9TH,115,1,"The Day Dad Made Toast","Grace Reiss"
PR,B139 Center 12,1101,1107,EAGLE GROVE,031,1,"Death by Scrabble","Isaiah Newkirk "
PR,B139 Center 12,1109,1115,SOUTH HAMILTON,117,1,"Rules to Live By","Cortney Harris"
PR,B139 Center 12,1117,1123,RICEVILLE,328,1,"Hi! Im the Guy With a Really Bad Cold","Ben Swancutt"
PR,B139 Center 12,1125,1131,NORTH FAYETTE,350,2,"","Torrie Getter"
PR,B139 Center 12,1133,1139,MASON CITY,836,2,"Saving Wishes","Emma Dannen"
PR,B139 Center 12,1141,1147,MAQUOKETA VALLEY,404,2,"The Dance","Adrianne Supple"
PR,"B139 Center 12",1150,,BREAK,,
PR,B139 Center 12,1250,1256,DUBUQUE SENIOR,862,1,"","Chyan Decker"
PR,B139 Center 12,1259,1305,WEST FORK,363,1,"The Birthday Gift","Ben Nelson"
PR,B139 Center 12,1308,1314,CASCADE,469,1,"Lobdell 2","Danejia Lobdell"
PR,B139 Center 12,1317,1323,DECORAH 9TH,776,1,"","Jordyn Hussain"
PR,B139 Center 12,1326,1332,Dubuque Senior 9th,371,2,"","Griffin Koehler"
PR,B139 Center 12,1335,1341,CHARLES CITY,037,1,"To Kill a Mockingbird","Jenna Grober"
PR,B139 Center 12,1344,1350,MASON CITY 9TH,153,2,"TBA","Kiera Nobis"
PR,B139 Center 12,1353,1359,LAKE MILLS,489,1,"THE DAY I BECAME A WOMAN","Jareth Cross"
PR,"B139 Center 12",1402,,BREAK,,
PR,B139 Center 12,1410,1416,FOREST CITY,006,2,"The Endless Streetcar","Corey Behrens"
PR,B139 Center 12,1419,1425,LAKE MILLS,489,3,"Smartishness","Rylee Bowman"
PR,B139 Center 12,1428,1434,STARMONT,029,2,"CHamlett","Cynthia Hamlett"
PR,B139 Center 12,1437,1443,MAYNARD WEST CENTRAL,225,2,"Untitled","Bailey Bergman"
PR,B139 Center 12,1446,1452,BELMOND-KLEMME,684,2,"Paper Towns","Mallory Sopher"
PR,B139 Center 12,1455,1501,NORTHWOOD-KENSETT,661,2,"Looking for Alaska","Sarah Yezek"
PR,B139 Center 12,1504,1510,CENTRAL SPRINGS,565,2,"Healthy Guy","Dallas Williams"
PR,B139 Center 12,1513,1519,INDEPENDENCE,262,1,"The Salt and Pepper Diner","Adam Goedken"
PR,"B139 Center 12",1522,,BREAK,,
PR,B139 Center 12,1530,1536,TRIPOLI,143,2,"Milkweed","Jennifer Stumme"
PR,B139 Center 12,1539,1545,APLINGTON-PARKERSBURG,149,2,"answering 911:life in the hot seat","Trevor Haren"
PR,B139 Center 12,1548,1554,AGWSR,345,3,"Somewhere in America","Paris Opperman"
PR,B139 Center 12,1557,1603,NORTHWOOD-KENSETT,661,3,"The Cat and the Painkiller","Tayah Lande"
PR,B139 Center 12,1606,1612,CEDAR FALLS,302,2,"Beauty and the Beast","Clare Rolinger"
PR,B139 Center 12,1615,1621,GARNER-HAYFIELD,052,2,"A Sandpiper to Bring You Joy","Emily Howke"
PR,B139 Center 12,1624,1630,CLEAR LAKE,177,2,"Paint","Grant Dieken"
PR,B139 Center 12,1633,1639,DIKE-NEW HARTFORD,814,3,"","Mallory Laube"
PR,B139 Center 12,1642,1648,NORTH IOWA,130,1,"I Threw Away My Wishes","Ashley Baumann"
PR,B137 Center 13, 800, 806,MAQUOKETA VALLEY 9TH,566,3,"Too Much Glue","Sam Wall"
PR,B137 Center 13, 810, 816,CASCADE,469,2,"excerpt from Marley and Me","Darby Callahan"
PR,B137 Center 13, 820, 826,CLAYTON RIDGE,644,1,"Good Ol Days","Amanda Hansel"
PR,B137 Center 13, 830, 836,MFL MARMAC,601,1,"","Sierra Wiebensohn"
PR,B137 Center 13, 840, 846,BECKMAN,540,1,"Girls Dont Owe You","Danielle Goedken"
PR,B137 Center 13, 850, 856,UNION,112,1,"Grandpas Hands","Hallie Spore"
PR,B137 Center 13, 900, 906,WAVERLY-SHELL ROCK 9TH,908,2,"","Greta Henderson"
PR,"B137 Center 13", 910,,BREAK,,
PR,B137 Center 13,1050,1056,KEE,424,3,"Clauson Prose","Jake Clauson"
PR,B137 Center 13,1100,1106,WEST DELAWARE 9TH,115,2,"Dear Poisoner","Parker Ostrander"
PR,B137 Center 13,1110,1116,WEST HANCOCK,271,1,"Addie and Me","ALYSSA TEGTMEYER"
PR,B137 Center 13,1120,1126,GLADBROOK-REINBECK,608,3,"The Frog Prince Continued","Sadie Brockett"
PR,B137 Center 13,1130,1136,EDGEWOOD-COLESBURG,336,2,"Most Embarassing Moment","Hayle Pillard"
PR,B137 Center 13,1140,1146,Valley Lutheran High School,004,1,"Amazing Grace","Delia Nelson"
PR,"B137 Center 13",1150,,BREAK,,
PR,B137 Center 13,1415,1421,MAQUOKETA VALLEY,404,1,"The Curvy Tree","Megan Mensen"
PR,B137 Center 13,1425,1431,JESUP,487,1,"Shatter Me","Annika Wall"
PR,B137 Center 13,1435,1441,OSAGE,267,1,"The Good Mother","Hailey Gentz"
PR,B137 Center 13,1445,1451,WAVERLY-SHELL ROCK 9TH,908,1,"","Emma Kaisand"
PR,B137 Center 13,1455,1501,SUMNER-FREDERICKSBURG,249,3,"The Tell Tale Heart","Silvia Oakland"
PR,B137 Center 13,1505,1511,SOUTH HARDIN,316,1,"Me and Earl and the Dying Girl","Brie Kendall "
PR,"B137 Center 13",1515,,BREAK,,
LP,B247 Center 14, 800, 808,CASCADE,469,2,"Weber 1","Macie Weber"
LP,B247 Center 14, 810, 818,WESTERN DUBUQUE,675,2,"The Little Red Shovel","Emily Boge"
LP,B247 Center 14, 820, 828,WEST DELAWARE,182,2,"Political Correctness","Kara Hawker"
LP,B247 Center 14, 830, 838,INDEPENDENCE,262,1,"High Flight","ADam Goedken"
LP,B247 Center 14, 840, 848,DECORAH,448,2,"","Kaylee Knight"
LP,B247 Center 14, 850, 858,GLADBROOK-REINBECK,608,2,"Ode to Special Moms,My Life is not the Same as Others, TBA","Audrey Leyen"
LP,B247 Center 14, 900, 908,MFL MARMAC,601,1,"","Dakota Weaver"
LP,B247 Center 14, 910, 918,DUBUQUE SENIOR,862,3,"","Katina Zentz"
LP,"B247 Center 14", 920,,BREAK,,
LP,B247 Center 14, 930, 938,AGWSR,345,2,"Husband in Charge ","Kristen Huttinger"
LP,B247 Center 14, 940, 948,FOREST CITY,006,1,"Womens Rights","Lydia Aberg"
LP,B247 Center 14, 950, 958,WATERLOO COLUMBUS,504,3,"Balance","Kendra Smith"
LP,B247 Center 14,1000,1008,EDGEWOOD-COLESBURG,336,2,"To the Edge and Back","Erica Voss"
LP,B247 Center 14,1010,1018,ROCKFORD,210,2,"","Katie Hirv"
LP,B247 Center 14,1020,1028,WAVERLY-SHELL ROCK 9TH,908,2,"","Anna Hoins"
LP,B247 Center 14,1030,1038,MAQUOKETA VALLEY,404,3,"Suicide","Dani Schuman"
LP,B247 Center 14,1040,1048,EAGLE GROVE,031,3,"OVERCOMING SOCIETY","Maria Delgado "
LP,"B247 Center 14",1050,,BREAK,,
LP,B247 Center 14,1100,1108,APLINGTON-PARKERSBURG,149,3,"If Tomorrow Never Comes","Sam Frey"
LP,B247 Center 14,1110,1118,DIKE-NEW HARTFORD,814,1,"","Madeline Sherwood"
LP,B247 Center 14,1120,1128,LAKE MILLS,489,2,"THE TRIALS OF DIETING","CARSYN TENHAKEN"
LP,B247 Center 14,1130,1138,WATERLOO COLUMBUS,504,2,"Power of Friendship","Isabel Hussey"
LP,B247 Center 14,1140,1148,SOUTH HAMILTON,117,3,"A Mothers Touch/Unrequitted Love","Lizzy Barrett"
LP,B247 Center 14,1150,1158,BELMOND-KLEMME,684,3,"Me Against Bullying and To This Day ","Stef Naranjo"
LP,B247 Center 14,1200,1208,DUBUQUE SENIOR,862,2,"","Emma Tonn"
LP,"B247 Center 14",1210,,BREAK,,
LP,B247 Center 14,1300,1308,WAVERLY-SHELL ROCK 9TH,908,3,"","Jaida Whitney"
LP,B247 Center 14,1310,1318,WAVERLY-SHELL ROCK,119,3,"","Sanah Munir"
LP,B247 Center 14,1320,1328,WATERLOO WEST,593,1,"","Alissa Wade"
LP,B247 Center 14,1330,1338,ROCKFORD,210,1,"","Harlie Jacobsen"
LP,B247 Center 14,1340,1348,AGWSR,345,1,"9/11","Hannah Woerner"
LP,B247 Center 14,1350,1358,FOREST CITY,006,3,"Dark Side of Fairy Tales","Joe Coombs"
LP,B247 Center 14,1400,1408,CLARION-GOLDFIELD,810,1,"Messy Room","Kaylie Bricker"
LP,B247 Center 14,1410,1418,LAKE MILLS,489,1,"Growing Up Without Dad","Lydia Knudtson"
LP,"B247 Center 14",1420,,BREAK,,
LP,B247 Center 14,1430,1438,KEE,424,2,"Eternal Light","Annika Stahl"
LP,B247 Center 14,1440,1448,WEST HANCOCK,271,2,"Spoons","BRICE KUDEJ"
LP,B247 Center 14,1450,1458,SOUTH HAMILTON,117,2,"-----------------","Autym Olson"
LP,B247 Center 14,1500,1508,Dubuque Senior 9th,371,1,"","Kathryn Burns"
LP,B247 Center 14,1510,1518,MAQUOKETA VALLEY,404,1,"Compassion","Bekah Hill"
LP,B247 Center 14,1520,1528,CRESTWOOD,068,2,"If I Stay","Haley Stevenson"
LP,B247 Center 14,1530,1538,WAUKON,064,1,"High School Can be Tough","Courtney Hansen"
LP,B247 Center 14,1540,1548,WAVERLY-SHELL ROCK,119,2,"","Kali Aissen"
LP,"B247 Center 14",1550,,BREAK,,
LP,B247 Center 14,1600,1608,UNION,112,1,"Child Abuse","Bobbie Hilmer"
LP,B247 Center 14,1610,1618,OSAGE,267,1,"DRUG ADDICTION EFFECTS","Julia Ringhofer"
LP,B247 Center 14,1620,1628,WAVERLY-SHELL ROCK 9TH,908,1,"","Ally Davis"
LP,A326 Center 22, 800, 808,DON BOSCO,303,1,"Schares Lit Program","Brianna Schares"
LP,A326 Center 22, 810, 818,BECKMAN,540,1,"Mental Illness","Samantha Otto"
LP,A326 Center 22, 820, 828,IOWA FALLS,873,2,"Fat Girl","Saje Ites"
LP,A326 Center 22, 830, 838,INDEPENDENCE,262,3,"Diary of Young Girl/Never Saw Another Butterfly","Grace Bertelli"
LP,A326 Center 22, 840, 848,CEDAR FALLS,302,2,"Life is Precious","Schaffer Kirschenmann"
LP,A326 Center 22, 850, 858,DUBUQUE SENIOR,862,1,"","Elli Decker"
LP,A326 Center 22, 900, 908,DENVER,423,2,"The Highwayman","Robyn Neil"
LP,"A326 Center 22", 910,,BREAK,,
LP,A326 Center 22,1050,1058,WEST DELAWARE,182,1,"Avoiding Death","Bryonna Rodgers"
LP,A326 Center 22,1100,1108,CEDAR FALLS,302,1,"Scars","Jamie Blair"
LP,A326 Center 22,1110,1118,KEE,424,1,"Sisters/Moms Expecting","MaKayla Manning"
LP,A326 Center 22,1120,1128,MAQUOKETA VALLEY,404,2,"Love","Mac Callan"
LP,A326 Center 22,1130,1138,EAGLE GROVE,031,1,"THE FORGOTTEN ONES","Abigail Frommelt "
LP,A326 Center 22,1140,1148,MASON CITY,836,3,"Horrors of the Holocaust","Meredith Armstrong"
LP,A326 Center 22,1150,1158,SOUTH HAMILTON,117,1,"Animals:Abused to Active- Help Abused or Abondoned Animals","Ashley DeLaRiva "
LP,"A326 Center 22",1200,,BREAK,,
LP,A326 Center 22,1425,1433,CASCADE,469,1,"Holmes 1","Carter Holmes"
LP,A326 Center 22,1435,1443,MAQUOKETA VALLEY 9TH,566,1,"The Essence of a Woman","Hannah Lahr"
LP,A326 Center 22,1445,1453,UNION,112,2,"Coming Out","Dana Wigg"
LP,A326 Center 22,1455,1503,EAGLE GROVE,031,2,"FINDING YOUR WAY","Isaiah Newkirk "
LP,A326 Center 22,1505,1513,FOREST CITY,006,2,"","Genna Bertram"
LP,A326 Center 22,1515,1523,CENTRAL SPRINGS,565,1,"Sibling Rivalry: OUr Other Sister, A Boy in the Bed int he Dark, Away and Below","McKanzi McKibben"
LP,A326 Center 22,1525,1533,DENVER,423,1,"Farm Life","Jennifer Wiley"
LP,A326 Center 22,1535,1543,CHARLES CITY,037,2,"A Day to Remember","Jenna Grober"
LP,A326 Center 22,1545,1553,WATERLOO WEST,593,2,"","Hannah Smith"
LP,A326 Center 22,1555,1603,NORTH IOWA,130,2,"Goodbye My Angel Dear","Naddie Myer"
OO,B237 Center 15, 800, 808,SUMNER-FREDERICKSBURG,249,3,"Letters to my Brother","Uriah Williams"
OO,B237 Center 15, 810, 818,WAVERLY-SHELL ROCK,119,2,"","Jeri Birgen"
OO,B237 Center 15, 820, 828,WESTERN DUBUQUE,675,2,"WD Original Oratory ","Benjamin Howard"
OO,B237 Center 15, 830, 838,MAQUOKETA VALLEY,404,2,"Every Five Seconds","Amanda Fortman"
OO,B237 Center 15, 840, 848,DUBUQUE SENIOR,862,3,"","Brittany Smith"
OO,B237 Center 15, 850, 858,EDGEWOOD-COLESBURG,336,3,"Extraterrestials Are Real","Payton Rochford"
OO,B237 Center 15, 900, 908,WATERLOO COLUMBUS,504,3,"Misconceptions of Preconceptions","Madeleine Kapler"
OO,B237 Center 15, 910, 918,WEST DELAWARE,182,1,"The U.S. Shouldnt Have a Two-Party System","Colin Werner"
OO,"B237 Center 15", 920,,BREAK,,
OO,B237 Center 15, 930, 938,WAUKON,064,1,"My Vision for America","Alex Marti"
OO,B237 Center 15, 940, 948,NORTH BUTLER,919,2,"Girls Can Be Smart, Too","Taylor Graven"
OO,B237 Center 15, 950, 958,CASCADE 9TH,951,1,"Social Inequality: Are We Moving Forward or Backward as a Society? ","Madeleine Lange"
OO,B237 Center 15,1000,1008,BECKMAN,540,1,"Love Is Kind","Laura Kruse"
OO,B237 Center 15,1010,1018,WEBSTER CITY,569,2,"Climate Change","Corey Wagner"
OO,B237 Center 15,1020,1028,WATERLOO COLUMBUS,504,1,"Self-Image","Emily Leibold"
OO,B237 Center 15,1030,1038,GRUNDY CENTER,356,3,"TBA","Tiana Saak"
OO,B237 Center 15,1040,1048,DECORAH,448,2,"","Helen Johnson"
OO,"B237 Center 15",1050,,BREAK,,
OO,B237 Center 15,1100,1108,CLARION-GOLDFIELD,810,1,"The Island of Misfit Toys","Kennedy Goodell"
OO,B237 Center 15,1110,1118,EAGLE GROVE,031,1,"TEENAGERS AND SOCIAL MEDIA","Kya Carlson"
OO,B237 Center 15,1120,1128,GRUNDY CENTER,356,1,"The True Battle","Haylee Neesen"
OO,B237 Center 15,1130,1138,STARMONT,029,1,"SIjaz","Shumaim Ijaz"
OO,B237 Center 15,1140,1148,TRIPOLI,143,1,"Affairs Affect People","Ally Baker"
OO,B237 Center 15,1150,1158,GARNER-HAYFIELD,052,1,"Why and how we need to end police brutality","Candie Cueva"
OO,B237 Center 15,1200,1208,BELMOND-KLEMME,684,1,"What If?","Jane Roberts"
OO,"B237 Center 15",1210,,BREAK,,
OO,B237 Center 15,1300,1308,WEBSTER CITY,569,1,"Army Strong","Lacey Westberg"
OO,B237 Center 15,1310,1318,APLINGTON-PARKERSBURG,149,2,"Our Own Form of Poison","Kelsie Tingle"
OO,B237 Center 15,1320,1328,NORTH FAYETTE,350,1,"","Bailey Potratz"
OO,B237 Center 15,1330,1338,WEST DELAWARE,182,2,"Why You Should Join My Cult","Holden Smith"
OO,B237 Center 15,1340,1348,CEDAR FALLS,302,1,"Running","Alyssa Dekutoski"
OO,B237 Center 15,1350,1358,MAQUOKETA VALLEY,404,1,"Knives with Wooden Handles","Jazz Niehaus"
OO,B237 Center 15,1400,1408,EAGLE GROVE,031,3,"SCARS ON HEARTS","Mikelle Leonard"
OO,B237 Center 15,1410,1418,BELMOND-KLEMME,684,2,"Its Just High School","Maddie Mason"
OO,"B237 Center 15",1420,,BREAK,,
OO,B237 Center 15,1430,1438,WATERLOO WEST,593,1,"","Alissa Wade"
OO,B237 Center 15,1440,1448,TRIPOLI,143,2,"Speak Out Against Sexual Abuse","Riley Raymond"
OO,B237 Center 15,1450,1458,APLINGTON-PARKERSBURG,149,3,"Coming Home","Sam Frey"
OO,B237 Center 15,1500,1508,GLADBROOK-REINBECK,608,1,"This I Believe","Carley Crozier"
OO,B237 Center 15,1510,1518,DUBUQUE SENIOR,862,1,"","Allison Leppert"
OO,B237 Center 15,1520,1528,FOREST CITY,006,1,"Mom and Data Im Home","Corey Behrens"
OO,B237 Center 15,1530,1538,IOWA FALLS,873,1,"Zeus Story","Prince Miller"
OO,B237 Center 15,1540,1548,SOUTH HARDIN,316,1,"TBA","Ben Stanish"
OO,B237 Center 15,1550,1558,MAQUOKETA VALLEY 9TH,566,1,"The Stuff that Turns Thoughts into Actions","Faith Hunt"
OO,"B237 Center 15",1600,,BREAK,,
OO,B237 Center 15,1610,1618,CLAYTON RIDGE,644,2,"The F Word","Rebecca Scherer"
OO,B237 Center 15,1620,1628,GLADBROOK-REINBECK,608,2,"Effort","Joe Pepe"
OO,B237 Center 15,1630,1638,STARMONT,029,2,"MFalck","Molly Falck"
OO,B237 Center 15,1640,1648,INDEPENDENCE,262,3,"Depression","Evan DeBoer"
OO,B237 Center 15,1650,1658,DUBUQUE SENIOR,862,2,"","Mikailah Shealer"
OO,B237 Center 15,1700,1708,MAQUOKETA VALLEY,404,3,"Grandma, Are You Still There?","Megan Hogan"
OO,B237 Center 15,1710,1718,WEST DELAWARE,182,3,"America Treats Its Language Like Garbage","Isabelle Breitfelder"
OO,B237 Center 15,1720,1728,SOUTH HAMILTON,117,1,"My name is Kayley","Kayley Hurtt"
IMP,A211 Center 17, 800, 808,WESTERN DUBUQUE,675,2,"","Elinor Johll"
IMP,A211 Center 17, 810, 818,DUBUQUE SENIOR,862,2,"","Noah Lucy"
IMP,A211 Center 17, 820, 828,SUMNER-FREDERICKSBURG,249,3,"","Isabelle Daniels"
IMP,A211 Center 17, 830, 838,MASON CITY NEWMAN CATHOLIC,940,2,"","Michael Fitzsimmons"
IMP,A211 Center 17, 840, 848,INDEPENDENCE,262,2,"","Noreasa Higgins"
IMP,A211 Center 17, 850, 858,FOREST CITY,006,2,"","Sterling Stecker"
IMP,A211 Center 17, 900, 908,GLADBROOK-REINBECK,608,2,"","Jesse Royer"
IMP,"A211 Center 17", 910,,BREAK,,
IMP,A211 Center 17, 925, 933,MFL MARMAC,601,1,"","James Slama"
IMP,A211 Center 17, 935, 943,Dubuque Senior 9th,371,2,"","Logan Wersinger"
IMP,A211 Center 17, 945, 953,WESTERN DUBUQUE,675,1,"","Nathan Maiers"
IMP,A211 Center 17, 955,1003,DUBUQUE SENIOR,862,3,"","Mike Grant"
IMP,A211 Center 17,1005,1013,APLINGTON-PARKERSBURG 9TH,156,1,"","Jacob Gochenouer"
IMP,A211 Center 17,1015,1023,CRESTWOOD,068,1,"","John Ayers"
IMP,A211 Center 17,1025,1033,SAINT ANSGAR,817,2,"","Jesse Bless"
IMP,"A211 Center 17",1035,,BREAK,,
IMP,A211 Center 17,1050,1058,FOREST CITY,006,1,"","Dylan Albertson"
IMP,A211 Center 17,1100,1108,DECORAH,448,1,"","Brianna Doyle"
IMP,A211 Center 17,1110,1118,MASON CITY 9TH,153,3,"","Jaydon Smith"
IMP,A211 Center 17,1120,1128,GARNER-HAYFIELD 9TH,722,1,"","Bryant Cook"
IMP,A211 Center 17,1130,1138,NASHUA-PLAINFIELD,279,1,"","Tyler Lantz"
IMP,A211 Center 17,1140,1148,WAVERLY-SHELL ROCK,119,3,"","Quade Ryan"
IMP,A211 Center 17,1150,1158,SAINT ANSGAR 9TH,759,1,"","Matt Gilmore"
IMP,"A211 Center 17",1200,,BREAK,,
IMP,A211 Center 17,1250,1258,WATERLOO WEST 9TH,436,1,"","Abby Avis"
IMP,A211 Center 17,1300,1308,DECORAH 9TH,776,2,"","Megan Robinson"
IMP,A211 Center 17,1310,1318,APLINGTON-PARKERSBURG,149,1,"","Jacob Abbas"
IMP,A211 Center 17,1320,1328,NORTH IOWA,130,1,"","Charles Wycoff"
IMP,A211 Center 17,1330,1338,MAYNARD WEST CENTRAL,225,1,"","Alexander Hepperle"
IMP,A211 Center 17,1340,1348,WEST DELAWARE,182,2,"","Kyle Curley"
IMP,A211 Center 17,1350,1358,MASON CITY,836,2,"","Noah McLaughlin"
IMP,"A211 Center 17",1400,,BREAK,,
IMP,A211 Center 17,1415,1423,CLARKSVILLE,760,2,"","Cael Negen"
IMP,A211 Center 17,1425,1433,MAQUOKETA VALLEY,404,1,"","Alex McCusker"
IMP,A211 Center 17,1435,1443,POSTVILLE,611,2,"","Justin Hileman"
IMP,A211 Center 17,1445,1453,KEE,424,3,"","Jake Clauson"
IMP,A211 Center 17,1455,1503,HAMPTON-DUMONT,420,2,"","Mahlon Miller"
IMP,A211 Center 17,1505,1513,NORTH FAYETTE,350,2,"","Denise Thompson"
IMP,"A211 Center 17",1515,,BREAK,,
IMP,A211 Center 17,1530,1538,BELMOND-KLEMME,684,1,"","Elizabeth Nelson"
IMP,A211 Center 17,1540,1548,CRESTWOOD,068,2,"","Mitchell Leifeld"
IMP,A211 Center 17,1550,1558,SUMNER-FREDERICKSBURG,249,2,"","Ian Schwake"
IMP,A211 Center 17,1600,1608,WEST DELAWARE 9TH,115,1,"","Olivia Neuzil"
IMP,A217 Center 18, 800, 808,,
IMP,A217 Center 18, 810, 818,DUBUQUE SENIOR,862,1,"","Kai Biehl"
IMP,A217 Center 18, 820, 828,WEST DELAWARE,182,3,"","Matt McMahon"
IMP,A217 Center 18, 830, 838,IOWA FALLS,873,1,"","Emma Hampe"
IMP,A217 Center 18, 840, 848,,
IMP,A217 Center 18, 850, 858,CASCADE,469,1,"","Liam Curoe"
IMP,A217 Center 18, 900, 908,CENTRAL ELKADER,342,1,"","Jeran Cook"
IMP,"A217 Center 18", 910,,BREAK,,
IMP,A217 Center 18, 925, 933,INDEPENDENCE,262,1,"","Josie Fischels"
IMP,A217 Center 18, 935, 943,SUMNER-FREDERICKSBURG,249,1,"","Allison Wehling"
IMP,A217 Center 18, 945, 953,KEE,424,1,"","Ethan Walleser"
IMP,A217 Center 18, 955,1003,CHARLES CITY,037,1,"","Mariah McKenzie"
IMP,A217 Center 18,1005,1013,MASON CITY 9TH,153,1,"","Beau Lapointe"
IMP,A217 Center 18,1015,1023,DECORAH,448,3,"","Josh Nierengarten"
IMP,A217 Center 18,1025,1033,CENTRAL ELKADER,342,2,"","Justin DeShaw"
IMP,"A217 Center 18",1035,,BREAK,,
IMP,A217 Center 18,1050,1058,INDEPENDENCE,262,3,"","Caleb Krremer"
IMP,A217 Center 18,1100,1108,,
IMP,A217 Center 18,1110,1118,SAINT ANSGAR,817,3,"","Garet Phelps"
IMP,A217 Center 18,1120,1128,WAVERLY-SHELL ROCK 9TH,908,3,"","Nathan Ewest"
IMP,A217 Center 18,1130,1138,NORTH BUTLER,919,2,"","Zain Nelson"
IMP,A217 Center 18,1140,1148,TRIPOLI,143,2,"","Riley Raymond"
IMP,A217 Center 18,1150,1158,MASON CITY,836,3,"","Randy Davenport"
IMP,"A217 Center 18",1200,,BREAK,,
IMP,A217 Center 18,1250,1258,KEE,424,2,"","Tom Martin"
IMP,A217 Center 18,1300,1308,BCLUW,247,1,"","Summer Kramer"
IMP,A217 Center 18,1310,1318,CLARKSVILLE,760,1,"","Cordelia Lundgren"
IMP,A217 Center 18,1320,1328,FOREST CITY,006,3,"","Jonathan Sanasihn"
IMP,A217 Center 18,1330,1338,WAUKON,064,1,"","Kameron Klinge"
IMP,A217 Center 18,1340,1348,OSAGE,267,1,"","Laurel Burrington"
IMP,A217 Center 18,1350,1358,STARMONT,029,2,"","Quinn O'Brien"
IMP,"A217 Center 18",1400,,BREAK,,
IMP,A217 Center 18,1415,1423,NASHUA-PLAINFIELD,279,3,"","Zach Barnett"
IMP,A217 Center 18,1425,1433,MASON CITY,836,1,"","Ellie Seaton"
IMP,A217 Center 18,1435,1443,BELMOND-KLEMME,684,2,"","Mariah Smith"
IMP,A217 Center 18,1445,1453,STARMONT,029,3,"","Audry Goedken"
IMP,A217 Center 18,1455,1503,,
IMP,A217 Center 18,1505,1513,NORTH FAYETTE,350,3,"","Grace Blanchard"
IMP,"A217 Center 18",1515,,BREAK,,
IMP,A217 Center 18,1530,1538,CRESTWOOD,068,3,"","Raymond Himli"
IMP,A217 Center 18,1540,1548,DUBUQUE HEMPSTEAD,547,3,"","Verrick Foust"
IMP,A217 Center 18,1550,1558,WAVERLY-SHELL ROCK,119,1,"","Abe Blanchard"
IMP,A217 Center 18,1600,1608,MAQUOKETA VALLEY,404,3,"","Megan McNamara"
ACT,A209 Center 19, 800, 808,MASON CITY NEWMAN CATHOLIC,940,2,"Trapped in a Monologue","Maureen McDonald"
ACT,A209 Center 19, 810, 818,EDGEWOOD-COLESBURG,336,1,"Medicine","Morgan Fannon"
ACT,A209 Center 19, 820, 828,DUBUQUE WAHLERT,407,1,"The Mandrake / Richard II","Aidan McSperrin"
ACT,A209 Center 19, 830, 838,STARMONT,029,2,"Im Not Stupid","Sarah McMurtry"
ACT,A209 Center 19, 840, 848,Valley Lutheran High School,004,2,"Bein Crazy","Colton Ott"
ACT,A209 Center 19, 850, 858,KEE,424,1,"The Big C","Ethan Walleser"
ACT,A209 Center 19, 900, 908,WAUKON,064,2,"The Last Flapper","Annika Wahlberg"
ACT,A209 Center 19, 910, 918,WESTERN DUBUQUE,675,1,"Only Children Believe in Butterflies","Mina Sahir"
ACT,"A209 Center 19", 920,,BREAK,,
ACT,A209 Center 19, 930, 938,JESUP,487,1,"the last few days of shopping before Christmas","Angelica Perez"
ACT,A209 Center 19, 940, 948,WEST DELAWARE,182,1,"Addie and Me","Hanna Marbach"
ACT,A209 Center 19, 950, 958,WAUKON,064,1,"Mouse that Saved the World","Adam Gruman"
ACT,A209 Center 19,1000,1008,DIKE-NEW HARTFORD,814,1,"","Carien Scheepens"
ACT,A209 Center 19,1010,1018,RICEVILLE,328,2,"Annexed","Brian Lewis"
ACT,A209 Center 19,1020,1028,NASHUA-PLAINFIELD,279,1,"I Dont Want to Be Here","Levi Williamson"
ACT,A209 Center 19,1030,1038,APLINGTON-PARKERSBURG,149,2,"","Kiersten Truax"
ACT,A209 Center 19,1040,1048,LAKE MILLS,489,3,"Multiple Personality Murder","Morgan Corbett"
ACT,"A209 Center 19",1050,,BREAK,,
ACT,A209 Center 19,1100,1108,WEBSTER CITY,569,1,"Final Breaths","Elise Manchester"
ACT,A209 Center 19,1110,1118,MAYNARD WEST CENTRAL,225,1,"Top 5 Break-ups","Noah Green"
ACT,A209 Center 19,1120,1128,MAQUOKETA VALLEY,404,2,"Men Are Stupid and I Rock","Shawnae Hoeger"
ACT,A209 Center 19,1130,1138,DUBUQUE WAHLERT,407,3,"The Last Days of Judas Iscariot / The Little Dog Laughed","Rachel Hefel"
ACT,A209 Center 19,1140,1148,CASCADE 9TH,951,1,"OBrien 1","Taylee O'Brien"
ACT,A209 Center 19,1150,1158,SOUTH HAMILTON,117,1,"Happily Never After","Emily Willadsen"
ACT,A209 Center 19,1200,1208,MFL MARMAC,601,4,"","Dakota Weaver"
ACT,"A209 Center 19",1210,,BREAK,,
ACT,A209 Center 19,1300,1308,Valley Lutheran High School,004,1,"Mississippi Mirror","Abby Krohn"
ACT,A209 Center 19,1310,1318,CENTRAL SPRINGS,565,1,"I won A Giant Inflatable Banana at the State Fair","Dallas Williams"
ACT,A209 Center 19,1320,1328,KEE,424,2,"Benzing acting","Emily Benzing"
ACT,A209 Center 19,1330,1338,NORTH IOWA,130,3,"OTHEILOS DEFENSE","Zachary Dirksen"
ACT,A209 Center 19,1340,1348,LAKE MILLS,489,2,"Lucas and Lisa","Lydia Saxton"
ACT,A209 Center 19,1350,1358,CASCADE,469,1,"Lobdell 1","Danejia Lobdell"
ACT,A209 Center 19,1400,1408,WAVERLY-SHELL ROCK,119,2,"","Nathan Hummel"
ACT,A209 Center 19,1410,1418,CLAYTON RIDGE,644,1,"True Story","Alex Simon"
ACT,"A209 Center 19",1420,,BREAK,,
ACT,A209 Center 19,1430,1438,NORTHWOOD-KENSETT,661,2,"Age of Ultron","Chase Boyden"
ACT,A209 Center 19,1440,1448,WEST DELAWARE,182,2,"My Mothers Touch","Kaitlyn Reth"
ACT,A209 Center 19,1450,1458,WEBSTER CITY,569,2,"A Normal Day","Maren Borer"
ACT,A209 Center 19,1500,1508,WEST HANCOCK,271,2,"OPENING TONIGHT: MOTHER GOOSE","Elizabeth Eckels"
ACT,A209 Center 19,1510,1518,DUBUQUE WAHLERT,407,2,"Miss Julie","Emily Meinert"
ACT,A209 Center 19,1520,1528,NASHUA-PLAINFIELD,279,3,"The Hitch-Hiker","Tyler Lantz"
ACT,A209 Center 19,1530,1538,DECORAH,448,2,"","Indigo Fish"
ACT,A209 Center 19,1540,1548,NORTH IOWA,130,2,"Yellow Wallpaper","Kayla Limberg"
ACT,"A209 Center 19",1550,,BREAK,,
ACT,A209 Center 19,1600,1608,INDEPENDENCE,262,2,"Cold Blooded Murderer","Josie Fischels"
ACT,A209 Center 19,1610,1618,WAVERLY-SHELL ROCK 9TH,908,2,"","Fiona Dalbey"
ACT,A209 Center 19,1620,1628,OSAGE,267,2,"Four Years","Laurel Burrington"
ACT,A209 Center 19,1630,1638,NORTH FAYETTE,350,1,"","Denise Thompson"
ACT,A209 Center 19,1640,1648,CLEAR LAKE,177,2,"Teachers Demise","Irene Swanson"
ACT,A209 Center 19,1650,1658,IOWA FALLS,873,1,"The Rise of Sir Edmund","Caleb Smith"
ACT,A309 Center 20, 800, 808,SUMNER-FREDERICKSBURG,249,3,"Captain Coleman Finale","Lindsey Meyer"
ACT,A309 Center 20, 810, 818,DUBUQUE SENIOR,862,2,"","Grace Maddux"
ACT,A309 Center 20, 820, 828,MASON CITY NEWMAN CATHOLIC,940,3,"Dreaming Backwards","Ramona Robinette"
ACT,A309 Center 20, 830, 838,DECORAH,448,1,"","Naomi Davidson"
ACT,A309 Center 20, 840, 848,WATERLOO WEST 9TH,436,1,"","Kaitlyn Schnell"
ACT,A309 Center 20, 850, 858,BECKMAN,540,1,"Story of an Hour","Ashley Hermsen"
ACT,A309 Center 20, 900, 908,CEDAR FALLS,302,1,"Only Children Believe in Butterflies","Olivia Mickey"
ACT,A309 Center 20, 910, 918,DIKE-NEW HARTFORD,814,5,"","Madeline Sherwood"
ACT,"A309 Center 20", 920,,BREAK,,
ACT,A309 Center 20, 930, 938,DUBUQUE SENIOR,862,1,"","Adria Hogan"
ACT,A309 Center 20, 940, 948,FOREST CITY,006,2,"Darleen","Madeline Meyer"
ACT,A309 Center 20, 950, 958,DECORAH,448,3,"","Jenna Galligan"
ACT,A309 Center 20,1000,1008,WAPSIE VALLEY,712,1,"Ice Cream for Dinner","Cassidy Brunscheon"
ACT,A309 Center 20,1010,1018,WATERLOO WEST,593,1,"","Hannah Smith"
ACT,A309 Center 20,1020,1028,GARNER-HAYFIELD,052,3,"Guys","Star Pralle"
ACT,A309 Center 20,1030,1038,MAQUOKETA VALLEY,404,1,"The Gift of Tongues","Patrick Hansen"
ACT,A309 Center 20,1040,1048,OSAGE,267,1,"Just Right","Sara Murphy"
ACT,"A309 Center 20",1050,,BREAK,,
ACT,A309 Center 20,1100,1108,AGWSR,345,2,"Cheering My Way Into College","Rachel Frazier"
ACT,A309 Center 20,1110,1118,BELMOND-KLEMME,684,2,"Parent Trap","Hailey Barrus"
ACT,A309 Center 20,1120,1128,MASON CITY,836,3,"Steel Magnolias","Sarah Dodd"
ACT,A309 Center 20,1130,1138,NEW HAMPTON 9TH,164,2,"Invisible Friends","Kori Jirak"
ACT,A309 Center 20,1140,1148,,
ACT,A309 Center 20,1150,1158,DECORAH 9TH,776,2,"","Sarah Mumford"
ACT,A309 Center 20,1200,1208,DUNKERTON,692,3,"Im a Cheerleader","Rylie Stanton"
ACT,"A309 Center 20",1210,,BREAK,,
ACT,A309 Center 20,1300,1308,BELMOND-KLEMME,684,1,"School House Rock","Eira Krabol"
ACT,A309 Center 20,1310,1318,JESUP,487,3,"Salt and pepper dinner","Emily Nedgl"
ACT,A309 Center 20,1320,1328,EAGLE GROVE,031,2,"AGGIE TAYLOR HAS DREAM","Mikelle Leonard"
ACT,A309 Center 20,1330,1338,DUBUQUE SENIOR,862,3,"","Ethan Vander Broek"
ACT,A309 Center 20,1340,1348,,
ACT,A309 Center 20,1350,1358,FOREST CITY,006,3,"","Carrie Brcka"
ACT,A309 Center 20,1400,1408,LAKE MILLS,489,1,"WHE LOVE BRINGS PAIN","Autumn Kopp"
ACT,A309 Center 20,1410,1418,UNION,112,5,"Dirk, The Angry Scotsman","Weston Krug"
ACT,"A309 Center 20",1420,,BREAK,,
ACT,A309 Center 20,1430,1438,WAVERLY-SHELL ROCK 9TH,908,1,"","Alison Ashlock"
ACT,A309 Center 20,1440,1448,DENVER,423,2,"Undecided","Megan S. Smith"
ACT,A309 Center 20,1450,1458,NORTH FAYETTE,350,2,"","Destany Otto"
ACT,A309 Center 20,1500,1508,CLARKSVILLE,760,1,"The Not So Perfect Child","Cordelia Lundgren"
ACT,A309 Center 20,1510,1518,SAINT ANSGAR,817,3,"","Garet Phelps"
ACT,A309 Center 20,1520,1528,INDEPENDENCE,262,3,"The Actress","Karlie Michael"
ACT,A309 Center 20,1530,1538,UNION,112,3,"My Mothers Touch","Madi Winter"
ACT,A309 Center 20,1540,1548,CASCADE,469,2,"Only Children Believe in Butterflies","Renee Redmond"
ACT,"A309 Center 20",1550,,BREAK,,
ACT,A309 Center 20,1600,1608,NEW HAMPTON,865,3,"Guys","Barbara Schwickerath"
ACT,A309 Center 20,1610,1618,WAVERLY-SHELL ROCK,119,3,"","Sophie Vowels"
ACT,A309 Center 20,1620,1628,CEDAR FALLS,302,2,"Its Terrible Being Nice","Valentine Komen"
ACT,A309 Center 20,1630,1638,WATERLOO WEST 9TH,436,3,"","Shanda Pittman"
ACT,A309 Center 20,1640,1648,CLEAR LAKE,177,1,"The Habbit","Harrison Futrell"
ACT,A309 Center 20,1650,1658,NORTH IOWA,130,1,"HAMLET ACT2 SCENE 2","Freddie Eden"
ACT,A326 Center 22, 925, 933,WESTERN DUBUQUE,675,2,"WD Acting Piece","Elinor Johll"
ACT,A326 Center 22, 935, 943,CHARLES CITY,037,2,"House of Blue Leaves","Nathaniel Reams"
ACT,A326 Center 22, 945, 953,DIKE-NEW HARTFORD,814,2,"","Derrick Franzen"
ACT,A326 Center 22, 955,1003,DUNKERTON,692,1,"","Abby Scarborough"
ACT,A326 Center 22,1005,1013,MAQUOKETA VALLEY,404,3,"Watch It Burn","Megan Beaman"
ACT,A326 Center 22,1015,1023,SOUTH HAMILTON,117,2,"cheerleader meets goth","Jenna Woodall"
ACT,A326 Center 22,1025,1033,TRIPOLI,143,2,"Two Cups of Coffee","Regina Bounkhong"
ACT,"A326 Center 22",1035,,BREAK,,
ACT,A326 Center 22,1300,1308,UNION,112,1,"Afterlife","Clayton Thiele"
ACT,A326 Center 22,1310,1318,HAMPTON-DUMONT,420,2,"If I should have a Daughter","Rebecca Buchanan"
ACT,A326 Center 22,1320,1328,MASON CITY,836,1,"The Lark","Anna Godfrey"
ACT,A326 Center 22,1330,1338,CLEAR LAKE,177,3,"MIDSUMMER NIGHT","PHILOMENA SCHNOEBELEN"
ACT,A326 Center 22,1340,1348,NORTHWOOD-KENSETT,661,1,"Strong Because I Have to Be","Angel Massee"
ACT,A326 Center 22,1350,1358,DENVER,423,1,"A Shadow of a Doubt","Madison Neisen"
ACT,A326 Center 22,1400,1408,FOREST CITY,006,1,"No Really","Sarri Happel"
ACT,"A326 Center 22",1410,,BREAK,,
RN,A321 Center 21, 800, 805,MAQUOKETA VALLEY,404,2,"","Nichole Lucas"
RN,A321 Center 21, 808, 813,IOWA FALLS,873,1,"","Greg Tystahl"
RN,A321 Center 21, 816, 821,WEST DELAWARE 9TH,115,2,"","Ethan Opitz"
RN,A321 Center 21, 824, 829,DUBUQUE SENIOR,862,3,"","abbigail markus"
RN,A321 Center 21, 832, 837,,
RN,A321 Center 21, 840, 845,FOREST CITY,006,3,"","Shaden Tweeten"
RN,A321 Center 21, 848, 853,MFL MARMAC,601,3,"","Mason Doyle"
RN,A321 Center 21, 856, 901,WAVERLY-SHELL ROCK,119,3,"","Will Dix"
RN,A321 Center 21, 904, 909,,
RN,"A321 Center 21", 912,,BREAK,,
RN,A321 Center 21, 920, 925,DECORAH,448,3,"","Emily Womeldorf"
RN,A321 Center 21, 928, 933,SUMNER-FREDERICKSBURG,249,2,"","Sam Kipp"
RN,A321 Center 21, 936, 941,NASHUA-PLAINFIELD,279,1,"","Hailey Schmitz"
RN,A321 Center 21, 944, 949,CHARLES CITY,037,1,"","Jonathan Baxter"
RN,A321 Center 21, 952, 957,RICEVILLE,328,1,"","Cole Holmen"
RN,A321 Center 21,1000,1005,WAUKON,064,1,"","Emily Brown"
RN,A321 Center 21,1008,1013,DUNKERTON,692,1,"","Jordan Yessak"
RN,A321 Center 21,1016,1021,IOWA FALLS,873,2,"","Max Adams"
RN,A321 Center 21,1024,1029,WATERLOO WEST,593,2,"","Jocelyn Roof"
RN,"A321 Center 21",1032,,BREAK,,
RN,A321 Center 21,1045,1050,Valley Lutheran High School,004,1,"","Joshua Hamlyn"
RN,A321 Center 21,1053,1058,CLARION-GOLDFIELD,810,2,"","Eveie Sherman"
RN,A321 Center 21,1101,1106,MASON CITY,836,2,"","Noah McLaughlin"
RN,A321 Center 21,1109,1114,WEST DELAWARE,182,3,"","Cassidy Oberreuter"
RN,A321 Center 21,1117,1122,WAUKON,064,3,"","Zach Troendle"
RN,A321 Center 21,1125,1130,SUMNER-FREDERICKSBURG,249,3,"","Silvia Oakland"
RN,A321 Center 21,1133,1138,GARNER-HAYFIELD,052,2,"","Parker Schnieders"
RN,A321 Center 21,1141,1146,WAVERLY-SHELL ROCK 9TH,908,3,"","Olivia Hobson"
RN,A321 Center 21,1149,1154,WATERLOO WEST,593,1,"","Alyssa Andrews"
RN,"A321 Center 21",1157,,BREAK,,
RN,A321 Center 21,1255,1300,CLARKSVILLE,760,1,"","Maddie Poppe"
RN,A321 Center 21,1303,1308,MASON CITY,836,1,"","Derek Tate"
RN,A321 Center 21,1311,1316,RICEVILLE,328,2,"","Mikal Percival"
RN,A321 Center 21,1319,1324,Valley Lutheran High School,004,2,"","Colton Ott"
RN,A321 Center 21,1327,1332,MAQUOKETA VALLEY,404,1,"","Abby Holtz"
RN,A321 Center 21,1335,1340,STARMONT,029,1,"","Sarah McMurtry"
RN,A321 Center 21,1343,1348,CENTRAL SPRINGS,565,1,"","Devon Payne"
RN,A321 Center 21,1351,1356,CRESTWOOD,068,2,"","Mitchell Leifeld"
RN,A321 Center 21,1359,1404,CEDAR FALLS,302,1,"","Dylan Simmons"
RN,A321 Center 21,1407,1412,IOWA FALLS,873,3,"","Trevor Stockdale"
RN,"A321 Center 21",1415,,BREAK,,
RN,A321 Center 21,1425,1430,WEST DELAWARE,182,1,"","Aleah Vaske"
RN,A321 Center 21,1433,1438,DUBUQUE SENIOR,862,2,"","Benedict Schultz"
RN,A321 Center 21,1441,1446,SAINT ANSGAR,817,1,"","Jaz Storgaard"
RN,A321 Center 21,1449,1454,CEDAR FALLS,302,2,"","Justin Liu"
RN,A321 Center 21,1457,1502,STARMONT,029,2,"","Allie Tucker"
RN,A321 Center 21,1505,1510,DUBUQUE HEMPSTEAD,547,1,"","Michael Ciesielski"
RN,A321 Center 21,1513,1518,CRESTWOOD,068,1,"","John Ayers"
RN,A321 Center 21,1521,1526,CHARLES CITY,037,2,"","Mariah McKenzie"
RN,A321 Center 21,1529,1534,SOUTH WINNESHIEK,999,1,"","Nick Hogan"
RN,"A321 Center 21",1537,,BREAK,,
RN,A321 Center 21,1550,1555,FOREST CITY,006,2,"","Sam Redinger"
RN,A321 Center 21,1558,1603,WAVERLY-SHELL ROCK 9TH,908,1,"","Hannah Johnson"
RN,A321 Center 21,1606,1611,DUBUQUE SENIOR,862,1,"","Isaac Current Giere"
RN,A321 Center 21,1614,1619,KEE,424,1,"","Tom Martin"
RN,A321 Center 21,1622,1627,MFL MARMAC,601,1,"","Peyton Meisner"
RN,A321 Center 21,1630,1635,INDEPENDENCE,262,1,"","Eric Lympus"
RN,A321 Center 21,1638,1643,WEST DELAWARE,182,2,"","Alex Bishop"
RN,A321 Center 21,1646,1651,CLARKSVILLE,760,2,"","Cael Negen"
RN,A321 Center 21,1654,1659,CLEAR LAKE,177,1,"","Isaac Byrne"
RN,A321 Center 21,1702,1707,DECORAH,448,2,"","Devin Brevig"
