Category,Room/Center,Start,End,School,Code,Entry#,EntryTitle,Students
PA,Center A, 800, 808,KEOKUK,361,1,"olivia","austin derr"
PA,Center A, 810, 818,TRI-COUNTY,195,3,"","trevor clemens"
PA,Center A, 820, 828,DANVILLE,201,3,"is your jar full?","seth braddock"
PA,Center A, 830, 838,WEST BURLINGTON ARNOLD,206,1,"darrell scotts comments to congress","meghan ryan"
PA,Center A, 840, 848,FORT MADISON HOLY TRINITY,592,2,"so, sue me","ben tinguely"
PA,Center A, 850, 858,KEOKUK,361,2,"boedlng 1","caleb boeding"
PA,"Center A", 900,,BREAK,,
PA,Center A, 905, 913,DANVILLE,201,2,"guess where i am?!","colin dowd"
PA,Center A, 915, 923,CARDINAL,848,1,"tba","lizzie simonsen"
PA,Center A, 925, 933,CLEAR CREEK AMANA,300,2,"mindless menace of violence","thomas buffard"
PA,Center A, 935, 943,ALBIA,873,1,"speech on gender equality","aleesia beary"
PA,Center A, 945, 953,WILLIAMSBURG,491,1,"1992 republican national convention address","sierra pope"
PA,Center A, 955,1003,DAVIS COUNTY,922,1,"why i want a wife","kayle stremler"
PA,"Center A",1005,,BREAK,,
PA,Center A,1010,1018,BURLINGTON ND 9TH,567,1,"tucker selection","katie tucker"
PA,Center A,1020,1028,TRI-COUNTY,195,1,"","sam gragg"
PA,Center A,1030,1038,CLEAR CREEK AMANA,300,1,"defending the declaration","jake tener"
PA,Center A,1040,1048,FORT MADISON HOLY TRINITY,592,3,"do manners really matter?","yang-hee kim"
PA,Center A,1050,1058,FAIRFIELD,778,1,"","navin martin"
PA,Center A,1100,1108,BURLINGTON NOTRE DAME,613,3,"gender equality","hannah delaney"
PA,"Center A",1110,,BREAK,,
PA,Center A,1115,1123,FORT MADISON HOLY TRINITY,592,1,"freedom to use the mind","allison sporkman"
PA,Center A,1125,1133,DANVILLE,201,1,"everybodys free...","clare palmatier"
PA,Center A,1135,1143,ALBIA,873,2,"exchange","faykha ala"
PA,Center A,1145,1153,BURLINGTON NOTRE DAME,613,1,"tillo speech","anna tillo"
PA,Center A,1155,1203,COLUMBUS COMMUNITY,841,1,"undetermined","alondra guerrero"
PA,Center A,1205,1213,WAPELLO,849,2,"same sex marriage ruling","nathan meeker"
PA,"Center A",1215,,BREAK,,
PA,Center A,1315,1323,,
PA,Center A,1325,1333,BURLINGTON NOTRE DAME,613,2,"commencement speech ","claire hackenmiller"
PA,Center A,1335,1343,TRI-COUNTY,195,2,"","ben edmundson"
PA,Center A,1345,1353,MID-PRAIRIE,637,1,"the right to vote","olivia quinby"
PA,Center A,1355,1403,WAPELLO,849,1,"female circumcision","maggie peterson"
PA,Center A,1405,1413,EDDYVILLE-BLAKESBURG,397,1,"","morgan reddy"
IMP,Center A,1420,1428,CLEAR CREEK AMANA,300,3,"","jordan pierce"
IMP,Center A,1430,1438,ALBIA 9TH,401,2,"","bradley amante"
IMP,Center A,1440,1448,MID-PRAIRIE,637,1,"","rhet leonard"
IMP,Center A,1450,1458,SEYMOUR,679,1,"","aubree powders"
IMP,"Center A",1500,,BREAK,,
IMP,Center A,1505,1513,MEDIAPOLIS,842,1,"","abigail lippert"
IMP,Center A,1515,1523,MOULTON-UDELL,023,1,"","Ashley Taylor"
IMP,Center A,1525,1533,MEDIAPOLIS 9TH,653,1,"","brad vance"
IMP,Center A,1535,1543,TWIN CEDARS,524,1,"","jobe fee"
IMP,"Center A",1545,,BREAK,,
IMP,Center A,1550,1558,CENTERVILLE,208,1,"","katrina westphal"
IMP,Center A,1600,1608,,
IMP,Center A,1610,1618,MEDIAPOLIS,842,2,"","drake huffman"
IMP,Center A,1620,1628,CHARITON,267,2,"","stephen sundquist"
IMP,Center A,1630,1638,ALBIA,873,2,"","kristen carlson"
IMP,Center A,1640,1648,WAPELLO,849,1,"","jorge saavedra"
IMP,Center B, 800, 808,FAIRFIELD,778,2,"","dewayne barnes jr."
IMP,Center B, 810, 818,ALBIA 9TH,401,1,"","andrew wright"
IMP,Center B, 820, 828,DANVILLE,201,1,"","brody sedam"
IMP,Center B, 830, 838,WEST BURLINGTON ARNOLD,206,1,"","athena moad"
IMP,Center B, 840, 848,,
IMP,"Center B", 850,,BREAK,,
IMP,Center B, 855, 903,WEST BURLINGTON ARNOLD,206,2,"","kristyn vedder"
IMP,Center B, 905, 913,,
IMP,Center B, 915, 923,WASHINGTON,226,1,"","reid basten"
IMP,Center B, 925, 933,TWIN CEDARS,524,2,"","penny devoll"
IMP,Center B, 935, 943,FAIRFIELD,778,1,"","aman charles"
IMP,"Center B", 945,,BREAK,,
IMP,Center B, 950, 958,SEYMOUR,679,3,"","zak sheppard"
IMP,Center B,1000,1008,FAIRFIELD,778,3,"","joseph wilbur"
IMP,Center B,1010,1018,WEST BURLINGTON ARNOLD,206,3,"","rylie paduano"
IMP,Center B,1020,1028,DANVILLE,201,3,"","gunnar hoffman"
IMP,Center B,1030,1038,CLEAR CREEK AMANA,300,1,"","ben oxley"
IMP,"Center B",1040,,BREAK,,
IMP,Center B,1045,1053,MID-PRAIRIE,637,2,"","nolan bertelli"
IMP,Center B,1055,1103,CHARITON,267,1,"","nathan smith"
IMP,Center B,1105,1113,WILLIAMSBURG,491,1,"","alaina stoltenberg"
IMP,Center B,1115,1123,ALBIA,873,3,"","rachael burk"
IMP,Center B,1125,1133,DANVILLE,201,2,"","emily grace"
IMP,"Center B",1135,,BREAK,,
IMP,Center B,1235,1243,MEDIAPOLIS 9TH,653,2,"","dayonna ryan"
IMP,Center B,1245,1253,MOULTON-UDELL,023,2,"","Lexi Jackson"
IMP,Center B,1255,1303,CENTERVILLE 9TH,705,1,"","shelby vanderheyden"
IMP,Center B,1305,1313,CHARITON,267,3,"","will ex"
IMP,Center B,1315,1323,BURLINGTON ND 9TH,567,1,"","mary richards"
IMP,"Center B",1325,,BREAK,,
IMP,Center B,1330,1338,WASHINGTON,226,2,"","riordan lujano"
IMP,Center B,1340,1348,PEKIN COMMUNITY,125,1,"","clayton culp"
IMP,Center B,1350,1358,,
IMP,Center B,1400,1408,FORT MADISON,734,2,"","ryan heidel"
IMP,Center B,1410,1418,CARDINAL 9TH,986,1,"","jimmy greer"
IMP,"Center B",1420,,BREAK,,
IMP,Center B,1425,1433,PEKIN COMMUNITY,125,3,"","seth bethune"
IMP,Center B,1435,1443,CARDINAL 9TH,986,2,"","alexis danger"
IMP,Center B,1445,1453,OSKALOOSA,088,2,"","taylor steel"
IMP,Center B,1455,1503,EDDYVILLE-BLAKESBURG,397,1,"","cyrus rogers"
IMP,Center B,1505,1513,ALBIA,873,1,"","elza goodlow"
IMP,"Center B",1520,,BREAK,,
IMP,Center B,1525,1533,EDDYVILLE-BLAKESBURG,397,2,"","kendal durst"
IMP,Center B,1535,1543,CLEAR CREEK AMANA,300,2,"","derek toy"
IMP,Center B,1545,1553,SEYMOUR,679,2,"","marshall goff"
IMP,Center B,1555,1603,,
IMP,Center B,1605,1613,PEKIN COMMUNITY,125,2,"","logan kates"
IMP,Center B,1615,1623,OSKALOOSA,088,1,"","john hirl"
IMP,Center B,1625,1633,FORT MADISON,734,1,"","kelsey vandenberg"
SMT,Center C, 800, 805,WEST BURLINGTON ARNOLD,206,1,"there are worse things i could do","kristyn vedder"
SMT,Center C, 808, 813,PEKIN COMMUNITY,125,3,"on my own","whitney phillips"
SMT,Center C, 816, 821,CLEAR CREEK AMANA,300,3,"sit down youre rocking the boat","fisher williams"
SMT,Center C, 824, 829,KEOKUK,361,3,"reynolds 1","kiersten reynolds"
SMT,Center C, 832, 837,MOUNT PLEASANT,409,3,"santa fe","riley kempker"
SMT,Center C, 840, 845,,
SMT,"Center C", 848,,BREAK,,
SMT,Center C, 853, 858,OTTUMWA,062,2,"tba","nathan leege"
SMT,Center C, 901, 906,MEDIAPOLIS,842,2,"tba","sara petersen"
SMT,Center C, 909, 914,KEOKUK,361,2,"skender 1","kelsey skender"
SMT,Center C, 917, 922,MOUNT PLEASANT,409,1,"im not that girl","cassandra munford"
SMT,Center C, 925, 930,WEST BURLINGTON ARNOLD,206,2,"black swan","rylie paduano"
SMT,Center C, 933, 938,DANVILLE,201,3,"legally blonde","landry carr"
SMT,"Center C", 941,,BREAK,,
SMT,Center C, 946, 951,,
SMT,Center C, 954, 959,DANVILLE,201,2,"bye bye birdie","emma snavely"
SMT,Center C,1002,1007,CLEAR CREEK AMANA,300,2,"who id be","ethan schutterle"
SMT,Center C,1010,1015,OTTUMWA,062,1,"tba","melanie enloe"
SMT,Center C,1018,1023,KEOKUK,361,1,"seitz 1","joley seitz"
SMT,Center C,1026,1031,FORT MADISON HOLY TRINITY,592,1,"the wizard and me","wendy hannum"
SMT,"Center C",1034,,BREAK,,
SMT,Center C,1039,1044,CLEAR CREEK AMANA,300,1,"100 ways to lose a man","alison devore"
SMT,Center C,1047,1052,DANVILLE,201,1,"is there life after high school","colton ketcham"
SMT,Center C,1055,1100,CLEAR CREEK-AMANA 9TH,911,2,"shrek","macayle devore"
SMT,Center C,1103,1108,,
SMT,Center C,1111,1116,BURLINGTON NOTRE DAME,613,2,"the altos lament","olivia krieger"
SMT,Center C,1119,1124,EDDYVILLE-BLAKESBURG,397,1,"","jessie eveland"
SMT,"Center C",1127,,BREAK,,
SMT,Center C,1227,1232,OSKALOOSA,088,3,"youll be back","noah hynick"
SMT,Center C,1235,1240,CHARITON,267,1,"","kaylie jones"
SMT,Center C,1243,1248,MORAVIA 9TH,973,1,"sit down, youre rocking the boat","carson underwood"
SMT,Center C,1251,1256,TRI-COUNTY,195,1,"","jessie maxwell"
SMT,Center C,1259,1304,CENTERVILLE,208,3,"the girl i mean to be","lawson bettis"
SMT,Center C,1307,1312,FAIRFIELD,778,2,"x","amber manning"
SMT,"Center C",1315,,BREAK,,
SMT,Center C,1320,1325,PEKIN COMMUNITY,125,2,"sunset boulevard","michael hadley"
SMT,Center C,1328,1333,CHARITON,267,2,"","lexie mullins"
SMT,Center C,1336,1341,FORT MADISON,734,1,"when i marry mr. snow","kaela baker"
SMT,Center C,1344,1349,CENTERVILLE,208,1,"she used to be mine","charity carter"
SMT,Center C,1352,1357,MORAVIA 9TH,973,2,"bless the lord","cayleigh whitlow"
SMT,Center C,1400,1405,DAVIS COUNTY,922,2,"tell me on a sunday","julianna ball"
SMT,"Center C",1408,,BREAK,,
SMT,Center C,1413,1418,FAIRFIELD,778,1,"music of the night","aaron austin"
SMT,Center C,1421,1426,WASHINGTON,226,1,"all that matters","lena adam"
SMT,Center C,1429,1434,OSKALOOSA,088,2,"burn","hali barrett"
SMT,Center C,1437,1442,EDDYVILLE-BLAKESBURG,397,2,"","mika farnum"
SMT,Center C,1445,1450,WINFIELD-MT UNION,644,2,"unknown","molly hinkle"
SMT,Center C,1453,1458,,
SMT,"Center C",1501,,BREAK,,
SMT,Center C,1506,1511,ALBIA 9TH,401,1,"country","ash pickens"
SMT,Center C,1514,1519,ALBIA,873,1,"morning person","katrina sample"
SMT,Center C,1522,1527,OSKALOOSA,088,1,"i have confidence","haley bunnell"
SMT,Center C,1530,1535,CHARITON,267,3,"","maraena black"
SMT,Center C,1538,1543,EDDYVILLE-BLAKESBURG,397,3,"","morgan reddy"
SMT,Center C,1546,1551,FORT MADISON,734,3,"maybe this time","madelyn shaver"
SMT,Center C,1554,1559,SEYMOUR,679,1,"somewhere thats green","aubree powders"
SMT,Center D,1315,1320,CENTERVILLE,208,2,"i really, really love you","jacob cash"
SMT,Center D,1323,1328,MID-PRAIRIE,637,2,"i hate men","taylor hillbrand"
SMT,Center D,1331,1336,PEKIN COMMUNITY,125,1,"quiet","avery phillips"
SMT,Center D,1339,1344,DAVIS COUNTY,922,1,"dont rain on my parade","emmy mote"
SMT,Center D,1347,1352,CARDINAL,848,1,"to make you feel my love","candice guiter"
SMT,"Center D",1355,,BREAK,,
SMT,Center D,1400,1405,FAIRFIELD,778,3,"i believe","dakota anderson"
SMT,Center D,1408,1413,,
SMT,Center D,1416,1421,MEDIAPOLIS,842,1,"tba","griffin dean"
SMT,Center D,1424,1429,ALBIA,873,2,"my fair lady","mya alonso "
SMT,Center D,1432,1437,CARDINAL,848,3,"on the steps of the palace","madi black"
SMT,"Center D",1440,,BREAK,,
SMT,Center D,1445,1450,ALBIA,873,3,"a part of that-the last 5 years","victoria kent"
SMT,Center D,1453,1458,ALBIA 9TH,401,2,"dont let me go","cole folkerts"
SMT,Center D,1501,1506,MOUNT PLEASANT,409,2,"on my own","delaney wilson"
SMT,Center D,1509,1514,WINFIELD-MT UNION,644,1,"unknown","jackson brown"
SMT,Center D,1517,1522,BURLINGTON NOTRE DAME,613,1,"the text message song","maggie brueck"
SMT,"Center D",1525,,BREAK,,
SMT,Center D,1530,1535,CLEAR CREEK-AMANA 9TH,911,1,"i know things now","avery anderson"
SMT,Center D,1538,1543,FORT MADISON,734,2,"dont rain on my parade","nakia ross"
SMT,Center D,1546,1551,MID-PRAIRIE,637,1,"on my own","maizy fugate"
SMT,Center D,1554,1559,CARDINAL,848,2,"tba","kaitelyn broyles"
SMT,Center D,1602,1607,BURLINGTON NOTRE DAME,613,3,"the music of the night","zach rashid"
ACT,Center D, 800, 808,KEOKUK,361,1,"simmons 1","james simmons"
ACT,Center D, 810, 818,CARDINAL,848,2,"cold blooded murderer","shelby smith"
ACT,Center D, 820, 828,OSKALOOSA,088,1,"two rooms","maycie stanbro"
ACT,Center D, 830, 838,ALBIA,873,1,"college applicant from mars","kristen carlson"
ACT,Center D, 840, 848,DANVILLE,201,2,"radio t.b.s.","evelyn williams"
ACT,Center D, 850, 858,BURLINGTON NOTRE DAME,613,2,"i hate hamlet","grant rheinschmidt"
ACT,"Center D", 900,,BREAK,,
ACT,Center D, 905, 913,WEST BURLINGTON ARNOLD,206,1,"fat kids on fire","lexis waddell"
ACT,Center D, 915, 923,FAIRFIELD,778,3,"x","shea malloy"
ACT,Center D, 925, 933,FORT MADISON HOLY TRINITY,592,5,"the blind date","sterling barnes"
ACT,Center D, 935, 943,CARDINAL 9TH,986,2,"the devils advocate","jimmy greer"
ACT,Center D, 945, 953,,
ACT,Center D, 955,1003,TRI-COUNTY,195,2,"","skyler fisher"
ACT,"Center D",1005,,BREAK,,
ACT,Center D,1010,1018,MEDIAPOLIS 9TH,653,1,"tba","grace gerling"
ACT,Center D,1020,1028,CARDINAL 9TH,986,1,"eves diary","alexis danger"
ACT,Center D,1030,1038,KEOTA,726,2,"ferret envy ","caroline reeves"
ACT,Center D,1040,1048,FORT MADISON HOLY TRINITY,592,4,"ill never stop loving you, tommy toledo","sabrina fullhart"
ACT,Center D,1050,1058,ALBIA,873,2,"acceptance","olivia andrews"
ACT,Center D,1100,1108,MID-PRAIRIE,637,3,"yellow wallpaper","aleigha gugel"
ACT,"Center D",1110,,BREAK,,
ACT,Center D,1115,1123,FORT MADISON HOLY TRINITY,592,3,"the avalon ballroom","rachel mehmert"
ACT,Center D,1125,1133,CHARITON,267,1,"","braydon simms"
ACT,Center D,1135,1143,CLEAR CREEK AMANA,300,2,"tomorrows wish","jordan pierce"
ACT,Center D,1145,1153,MID-PRAIRIE,637,2,"cold blooded murderer","abby pickard"
ACT,Center D,1155,1203,ALBIA 9TH,401,3,"driving lesson","valerie beary"
ACT,Center D,1205,1213,BURLINGTON NOTRE DAME,613,3,"becker selection","lydia becker"
ACT,"Center D",1215,,BREAK,,
ACT,Center E, 800, 808,WINFIELD-MT UNION,644,2,"beauty is skin deep","hailey ennis"
ACT,Center E, 810, 818,DANVILLE,201,3,"a girls guide to chaos","sydney johnson"
ACT,Center E, 820, 828,OSKALOOSA,088,2,"maddys dad","noah hynic"
ACT,Center E, 830, 838,MID-PRAIRIE,637,1,"trapped in a monologue","hannah vanroekel"
ACT,Center E, 840, 848,WAPELLO,849,1,"the big c","mckenzey winslow"
ACT,"Center E", 850,,BREAK,,
ACT,Center E, 855, 903,,
ACT,Center E, 905, 913,PEKIN COMMUNITY,125,1,"a midsummer nights dream","athena hedman"
ACT,Center E, 915, 923,EDDYVILLE-BLAKESBURG,397,1,"","victoria vannoni"
ACT,Center E, 925, 933,WINFIELD-MT UNION,644,1,"unknown","pearl krieger-coble"
ACT,Center E, 935, 943,FORT MADISON HOLY TRINITY,592,2,"on being bright, seventeen, and unable to read","conrad hellman"
ACT,"Center E", 945,,BREAK,,
ACT,Center E, 950, 958,CENTERVILLE,208,2,"driving miss daisy","maggie helmich"
ACT,Center E,1000,1008,TWIN CEDARS,524,1,"bein crazy","jobe fee"
ACT,Center E,1010,1018,TRI-COUNTY,195,3,"","nikayla dowd"
ACT,Center E,1020,1028,DANVILLE,201,1,"dupont, mississippi","alex dameron"
ACT,Center E,1030,1038,OTTUMWA,062,1,"tba","isabella obrien "
ACT,"Center E",1040,,BREAK,,
ACT,Center E,1045,1053,BURLINGTON NOTRE DAME,613,1,"cabin 12","bryce riniker"
ACT,Center E,1055,1103,ALBIA 9TH,401,2,"college interview ","cole folkerts"
ACT,Center E,1105,1113,WASHINGTON,226,1,"untitled","reid basten"
ACT,Center E,1115,1123,DAVIS COUNTY,922,1,"trapped in a monolgue","maddie mcclure"
ACT,Center E,1125,1133,FORT MADISON HOLY TRINITY,592,1,"mavis on the case","avery malinski"
ACT,"Center E",1135,,BREAK,,
ACT,Center E,1235,1243,DAVIS COUNTY,922,2,"judge me from brief interviews with hideous men","alyssa harrington"
ACT,Center E,1245,1253,CLEAR CREEK AMANA,300,1,"my trip to the state pen","emma davis"
ACT,Center E,1255,1303,FAIRFIELD,778,1,"x","doga ozesmi"
ACT,Center E,1305,1313,TRI-COUNTY,195,4,"","mckenzie hammes"
ACT,Center E,1315,1323,CARDINAL,848,1,"alls well that ends well","paige evans"
ACT,"Center E",1325,,BREAK,,
ACT,Center E,1330,1338,CARDINAL,848,3,"tybalt is dead","taylor howard"
ACT,Center E,1340,1348,ALBIA 9TH,401,1,"drama","ash pickens"
ACT,Center E,1350,1358,WILLIAMSBURG,491,1,"the killing joke","gable meade"
ACT,Center E,1400,1408,TRI-COUNTY,195,1,"","trevor clemens"
ACT,Center E,1410,1418,ALBIA,873,3,"campaign promises","theresa pasut"
ACT,"Center E",1420,,BREAK,,
ACT,Center E,1425,1433,CENTERVILLE,208,1,"the webb files","bailee cox"
ACT,Center E,1435,1443,MEDIAPOLIS,842,1,"tba","kirsten erickson"
ACT,Center E,1445,1453,PEKIN COMMUNITY,125,2,"the games afoot","clayton culp"
ACT,Center E,1455,1503,CHARITON,267,2,"","liliya gernega"
ACT,Center E,1505,1513,CLEAR CREEK-AMANA 9TH,911,1,"accents, inc.","brianne bevans"
ACT,"Center E",1515,,BREAK,,
ACT,Center E,1520,1528,,
ACT,Center E,1530,1538,KEOTA,726,1,"disgruntled fairy tale characters","bianca cardona"
ACT,Center E,1540,1548,TRI-COUNTY,195,5,"","lydia greene"
ACT,Center E,1550,1558,COLUMBUS COMMUNITY,841,1,"undetermined","madison purvis"
ACT,Center E,1600,1608,FAIRFIELD,778,2,"x","justin vickers"
PO,Center F, 800, 806,MEDIAPOLIS 9TH,653,3,"tba","sarah robben"
PO,Center F, 809, 815,EDDYVILLE-BLAKESBURG,397,1,"","adlynn eveland"
PO,Center F, 818, 824,Tri-County 9th High School,279,1,"tba","megan edmundson"
PO,Center F, 827, 833,BURLINGTON NOTRE DAME,613,3,"reinhardt poems","meagan reinhardt"
PO,Center F, 836, 842,MEDIAPOLIS,842,1,"tba","dawson ray"
PO,Center F, 845, 851,MOUNT PLEASANT,409,1,"selections from poe","delaney wilson"
PO,"Center F", 854,,BREAK,,
PO,Center F, 859, 905,FAIRFIELD,778,1,"x","mikey hunt"
PO,Center F, 908, 914,EDDYVILLE-BLAKESBURG,397,2,"","gracie delacruz"
PO,Center F, 917, 923,CLEAR CREEK AMANA,300,1,"something odd going on","joel burzacott"
PO,Center F, 926, 932,KEOKUK,361,3,"somewhere in america","joley seitz"
PO,Center F, 935, 941,,
PO,Center F, 944, 950,PEKIN COMMUNITY,125,3,"my body, my home","jade harper"
PO,"Center F", 953,,BREAK,,
PO,Center F, 958,1004,MID-PRAIRIE,637,2,"prayer for the rhino","eli vanroekel"
PO,Center F,1007,1013,DANVILLE,201,3,"marriage","nanda dolman"
PO,Center F,1016,1022,SEYMOUR,679,2,"the chaos","mariah clark"
PO,Center F,1025,1031,WAPELLO,849,3,"over and over","nathan meeker"
PO,Center F,1034,1040,BURLINGTON NOTRE DAME,613,1,"chasteen poems","gavin chasteen"
PO,Center F,1043,1049,OTTUMWA,062,1,"love yourself","narissa raider"
PO,"Center F",1052,,BREAK,,
PO,Center F,1057,1103,DAVIS COUNTY,922,2,"to the guy in the back of the room complaining about listening to another rape poem","cailyn sales"
PO,Center F,1106,1112,TWIN CEDARS,524,1,"television","ben clark"
PO,Center F,1115,1121,OSKALOOSA,088,1,"i am not that girl/what if i knew i was beautiful","maddy braden"
PO,Center F,1124,1130,,
PO,Center F,1133,1139,CLEAR CREEK-AMANA 9TH,911,1,"krystin","kyrstin gist"
PO,Center F,1142,1148,FORT MADISON HOLY TRINITY,592,3,"piece by piece","wendy hannum"
PO,"Center F",1151,,BREAK,,
PO,Center F,1251,1257,,
PO,Center F,1300,1306,SEYMOUR,679,1,"pretty","cassie graham"
PO,Center F,1309,1315,PEKIN COMMUNITY,125,2,"childhood memories","gabi rutherford"
PO,Center F,1318,1324,TWIN CEDARS,524,3,"alone/anna bel lee","penny devoll"
PO,Center F,1327,1333,WILLIAMSBURG,491,2,"you & i","wiatt hughes"
PO,Center F,1336,1342,KEOKUK,361,1,"god said","gabbi billings"
PO,"Center F",1345,,BREAK,,
PO,Center F,1350,1356,PEKIN COMMUNITY,125,1,"seperation","drew powers"
PO,Center F,1359,1405,CHARITON,267,2,"","ashley gress"
PO,Center F,1408,1414,TWIN CEDARS,524,2,"the haunted palace","makayla carter"
PO,Center F,1417,1423,TRI-COUNTY,195,1,"","emma bair"
PO,Center F,1426,1432,MEDIAPOLIS 9TH,653,1,"tba","bailey thie"
PO,Center F,1435,1441,,
PO,"Center F",1444,,BREAK,,
PO,Center F,1449,1455,CENTERVILLE,208,3,"what are you afraid of","jennie fogelsong"
PO,Center F,1458,1504,KEOKUK,361,2,"snyder 1","helena snyder"
PO,Center F,1507,1513,CLEAR CREEK AMANA,300,2,"collection","reagan heath"
PO,Center F,1516,1522,MEDIAPOLIS,842,2,"tba","griffin dean"
PO,Center F,1525,1531,BURLINGTON ND 9TH,567,1,"mccune poetry","brynn mccune"
PO,Center F,1534,1540,MID-PRAIRIE,637,1,"to paint your pedals","elijah meader"
PO,"Center F",1543,,BREAK,,
PO,Center F,1548,1554,WAPELLO,849,2,"anxiety","karla salgado"
PO,Center F,1557,1603,KEOTA,726,1,"original piece","anna ackerman-axume"
PO,Center F,1606,1612,MORAVIA 9TH,973,1,"the tale of custard the dragon","madelein robinson"
PO,Center F,1615,1621,CENTERVILLE,208,1,"millies mothers red dress","cheyenne davis"
PO,Center F,1624,1630,BURLINGTON NOTRE DAME,613,2,"delaney poems","hannah delaney"
PO,Center F,1633,1639,CENTERVILLE 9TH,705,1,"angelas word","chloe zintz"
PO,Center F,1642,1648,FORT MADISON,734,1,"how do you live your dash?; the long hill; overcoming obstacles; the road not taken","elizabeth miller"
PO,Center F,1651,1657,WINFIELD-MT UNION,644,1,"","pearl krieger-coble"
PO,Center H, 800, 806,ALBIA,873,3,"energy","victoria kent"
PO,Center H, 809, 815,FORT MADISON HOLY TRINITY,592,1,"the prophet","avery malinski"
PO,Center H, 818, 824,WEST BURLINGTON ARNOLD,206,2,"anthem poet: a very long poem","rylie paduano"
PO,Center H, 827, 833,KEOTA,726,2,"love and life","june daing"
PO,Center H, 836, 842,FAIRFIELD,778,3,"x","shea malloy"
PO,Center H, 845, 851,TRI-COUNTY,195,2,"casey at the bat","lane williams"
PO,"Center H", 854,,BREAK,,
PO,Center H, 859, 905,MID-PRAIRIE,637,3,"somewhere in america","abby pickard"
PO,Center H, 908, 914,CARDINAL,848,3,"tba","alexis jay"
PO,Center H, 917, 923,FORT MADISON HOLY TRINITY,592,2,"cinderella","katie scoville"
PO,Center H, 926, 932,CENTERVILLE 9TH,705,2,"pretty","shelby vanderheyden"
PO,Center H, 935, 941,WEST BURLINGTON ARNOLD,206,1,"phenomenal woman","meghan ryan"
PO,Center H, 944, 950,COLUMBUS COMMUNITY,841,1,"custard the dragon","megan rush"
PO,"Center H", 953,,BREAK,,
PO,Center H, 958,1004,MOUNT PLEASANT,409,2,"drugs","elijah helton"
PO,Center H,1007,1013,DANVILLE,201,1,"original","alexis oetken"
PO,Center H,1016,1022,CHARITON,267,1,"","anna ilyenko"
PO,Center H,1025,1031,CARDINAL,848,2,"tba","alesia stanton"
PO,Center H,1034,1040,ALBIA,873,2,"sophomore","shelby mossman"
PO,Center H,1043,1049,WILLIAMSBURG,491,1,"identity defined","kayla fedler"
PO,"Center H",1052,,BREAK,,
PO,Center H,1057,1103,DANVILLE,201,2,"marriage ","john perdelwitz"
PO,Center H,1106,1112,FAIRFIELD,778,2,"x","ntanda dube"
PO,Center H,1115,1121,CENTERVILLE,208,2,"little red riding hood","emily caylor"
PO,Center H,1124,1130,DAVIS COUNTY,922,3,"explaining my depression to my mother","julianna ball"
PO,Center H,1133,1139,CARDINAL,848,1,"tba","kaitelyn broyles"
PO,Center H,1142,1148,CHARITON,267,3,"","kaylie jones"
PO,"Center H",1151,,BREAK,,
PO,Center H,1251,1257,ALBIA,873,1,"anxiety","olivia andrews"
PO,Center H,1300,1306,CLEAR CREEK AMANA,300,3,"how to be a better you","skyler bunting"
PO,Center H,1309,1315,MOUNT PLEASANT,409,3,"selections from bluent","willow barton"
PO,Center H,1318,1324,MOULTON-UDELL,023,1,"The Man from Snowy River","Ashley Raymer"
PO,Center H,1327,1333,DAVIS COUNTY,922,1,"man vs. earth","alyssa harrington"
PO,Center H,1336,1342,SEYMOUR,679,3,"struggling with depression and suicide, broken, i hate to cry!","raven westphal"
PO,"Center H",1345,,BREAK,,
PO,Center H,1350,1356,FORT MADISON,734,2,"the mighty eye; ourchestra; theres a cobra in the bathroom","nakia ross"
PO,Center H,1359,1405,Tri-County 9th High School,279,2,"tba","taylor dowd"
PO,Center H,1408,1414,MEDIAPOLIS 9TH,653,2,"tba","brittney fraise"
PO,Center H,1417,1423,EDDYVILLE-BLAKESBURG,397,3,"","jessie eveland"
PO,Center H,1426,1432,TRI-COUNTY,195,3,"","riley danner"
PO,Center H,1435,1441,WAPELLO,849,1,"on the pulse of the morning","chase thurston"
PO,"Center H",1444,,BREAK,,
PR,Center G, 800, 806,OTTUMWA,062,1,"","elynna perry"
PR,Center G, 809, 815,KEOKUK,361,1,"boeding 1","caleb boeding"
PR,Center G, 818, 824,WEST BURLINGTON ARNOLD,206,1,"heeeeeeeeeres adventure dog!","jakob anderson"
PR,Center G, 827, 833,CLEAR CREEK AMANA,300,1,"through the looking glass","ethan schutterle"
PR,Center G, 836, 842,KEOKUK,361,3,"brunstein 1","rachel brunstein"
PR,Center G, 845, 851,KEOKUK,361,2,"simmons 1","james simmons"
PR,"Center G", 854,,BREAK,,
PR,Center G, 859, 905,FORT MADISON HOLY TRINITY,592,3,"the crush","sabrina fullhart"
PR,Center G, 908, 914,CLEAR CREEK AMANA,300,2,"secret garden","skyler bunting"
PR,Center G, 917, 923,FORT MADISON,734,1,"twas a dark and dreary night","francisco (noe) trejo"
PR,Center G, 926, 932,DANVILLE,201,1,"book of bad songs","colton ketcham"
PR,Center G, 935, 941,CHARITON,267,3,"","morgan cochran"
PR,Center G, 944, 950,WEST BURLINGTON ARNOLD,206,2,"o.c.d.","lexis waddell"
PR,"Center G", 953,,BREAK,,
PR,Center G, 958,1004,FORT MADISON HOLY TRINITY,592,1,"the thief and his little daughter","alyssa hemann"
PR,Center G,1007,1013,DANVILLE,201,2,"so you want to be a teacher","courtney stucker"
PR,Center G,1016,1022,OSKALOOSA,088,2,"politically correct red riding hood","hali barrett"
PR,Center G,1025,1031,CARDINAL,848,3,"tba","kaelyn strong"
PR,Center G,1034,1040,TRI-COUNTY,195,3,"of mice and men","cameron krumm"
PR,Center G,1043,1049,BURLINGTON ND 9TH,567,3,"boughton prose","parker boughton"
PR,"Center G",1052,,BREAK,,
PR,Center G,1057,1103,DANVILLE,201,3,"squids will be squids","sam cady"
PR,Center G,1106,1112,FAIRFIELD,778,2,"x","oba olaniyi"
PR,Center G,1115,1121,MID-PRAIRIE,637,2,"somewhere in america | one day in the rain","michael meserole"
PR,Center G,1124,1130,ALBIA,873,3,"basketball","shannon mcclain"
PR,Center G,1133,1139,CENTERVILLE,208,1,"it sucked then i cried","bailee cox"
PR,Center G,1142,1148,FORT MADISON HOLY TRINITY,592,2,"checkouts","elizabeth barr"
PR,"Center G",1151,,BREAK,,
PR,Center G,1251,1257,,
PR,Center G,1300,1306,DAVIS COUNTY,922,1,"people you may know","cailtin paddock"
PR,Center G,1309,1315,WAPELLO,849,3,"engulfed","sydney stephens"
PR,Center G,1318,1324,ALBIA,873,2,"cemetery  vandals","katrina sample"
PR,Center G,1327,1333,MEDIAPOLIS,842,2,"tba","wade marshall"
PR,Center G,1336,1342,CENTERVILLE,208,2,"bill","erissa mcgill"
PR,"Center G",1345,,BREAK,,
PR,Center G,1350,1356,,
PR,Center G,1359,1405,BURLINGTON ND 9TH,567,1,"mccune prose","brynn mccune"
PR,Center G,1408,1414,CARDINAL,848,2,"city of bones","dakota durflinger"
PR,Center G,1417,1423,TRI-COUNTY,195,1,"everybody where sunscrean","alexis leer"
PR,Center G,1426,1432,EDDYVILLE-BLAKESBURG,397,1,"","adlynn eveland"
PR,Center G,1435,1441,WAPELLO,849,1,"the customers always right","dru stephens"
PR,"Center G",1444,,BREAK,,
PR,Center G,1449,1455,MEDIAPOLIS,842,1,"tba","drake huffman"
PR,Center G,1458,1504,Tri-County 9th High School,279,1,"the sniper","brandt molyneux"
PR,Center G,1507,1513,CENTERVILLE 9TH,705,1,"birthdays are lovely","chloe zintz"
PR,Center G,1516,1522,WAPELLO,849,2,"the girl with the hazel eyes","mckenzey winslow"
PR,Center G,1525,1531,CENTERVILLE,208,3,"the song on the radio","sara johnson"
PR,Center G,1534,1540,ALBIA,873,1,"mime","allyson haselhuhn"
PR,"Center G",1543,,BREAK,,
PR,Center G,1548,1554,CENTERVILLE 9TH,705,2,"curlers tame the savage beast","madi jo smith"
PR,Center G,1557,1603,OSKALOOSA,088,3,"to this day","maycie stanbro"
PR,Center G,1606,1612,COLUMBUS COMMUNITY,841,1,"undetermined","genevieve robinson"
PR,Center G,1615,1621,FAIRFIELD,778,1,"x","navin martin"
PR,Center G,1624,1630,SEYMOUR,679,1,"the pale blue dot, the most astounding fact","joshua brown"
PR,Center G,1633,1639,BURLINGTON NOTRE DAME,613,3,"krieger prose selection","olivia krieger"
PR,"Center G",1642,,BREAK,,
PR,Center G,1647,1653,CENTERVILLE 9TH,705,3,"joy of a junker","dakota clark"
PR,Center G,1656,1702,OSKALOOSA,088,1,"feminism","haley bunnell"
PR,Center G,1705,1711,BURLINGTON NOTRE DAME,613,2,"roundy prose selection","mary rose roundy"
PR,Center H,1449,1455,FORT MADISON,734,2,"dear elizabeth","emily mccune"
PR,Center H,1458,1504,CARDINAL,848,1,"the weight of silence ","shelbie jeffery"
PR,Center H,1507,1513,MID-PRAIRIE,637,3,"tba","gina waters"
PR,Center H,1516,1522,Tri-County 9th High School,279,2,"every 27 minutes","jenna leer"
PR,Center H,1525,1531,FAIRFIELD,778,3,"x","mikey hunt"
PR,Center H,1534,1540,BURLINGTON NOTRE DAME,613,1,"garbage scan","grant rheinschmidt"
PR,"Center H",1543,,BREAK,,
PR,Center H,1548,1554,CHARITON,267,2,"","lille murphy"
PR,Center H,1557,1603,TRI-COUNTY,195,2,"night","zoe ogden"
PR,Center H,1606,1612,MEDIAPOLIS 9TH,653,1,"tba","dayonna ryan"
PR,Center H,1615,1621,EDDYVILLE-BLAKESBURG,397,3,"","julia fairchild"
PR,Center H,1624,1630,,
PR,Center H,1633,1639,BURLINGTON ND 9TH,567,2,"zahn prose","lance zahn"
PR,"Center H",1642,,BREAK,,
PR,Center H,1647,1653,CHARITON,267,1,"","jenny roach"
PR,Center H,1656,1702,EDDYVILLE-BLAKESBURG,397,2,"","allie adams"
PR,Center H,1705,1711,MID-PRAIRIE,637,1,"talk like a pirate day","aleigha gugel"
LP,Center I, 800, 808,DANVILLE,201,3,"johnny cant read!","evelyn williams"
LP,Center I, 810, 818,ALBIA,873,1,"foodie","rachael burk"
LP,Center I, 820, 828,BURLINGTON ND 9TH,567,2,"m. richards program","mary richards"
LP,Center I, 830, 838,WEST BURLINGTON ARNOLD,206,1,"i have tetanus:  prose on anxiety","cammy salvador"
LP,Center I, 840, 848,DAVIS COUNTY,922,1,"sea glass green/a ghost story ","kayle stremler"
LP,"Center I", 850,,BREAK,,
LP,Center I, 855, 903,,
LP,Center I, 905, 913,DANVILLE,201,1,"teacher!","bailey beckman"
LP,Center I, 915, 923,KEOKUK,361,2,"washburn 1","trenton washburn"
LP,Center I, 925, 933,FAIRFIELD,778,3,"x","ntando dube"
LP,Center I, 935, 943,FORT MADISON HOLY TRINITY,592,1,"two roads","allison sporkman"
LP,"Center I", 945,,BREAK,,
LP,Center I, 950, 958,MEDIAPOLIS 9TH,653,1,"tba","allison renfro"
LP,Center I,1000,1008,CHARITON,267,1,"","gabi watkins"
LP,Center I,1010,1018,FORT MADISON HOLY TRINITY,592,3,"flora and fauna","lillian schierbrock"
LP,Center I,1020,1028,OTTUMWA,062,1,"","savannah ford"
LP,Center I,1030,1038,BURLINGTON ND 9TH,567,1,"k. rashid program","kassidy rashid"
LP,"Center I",1040,,BREAK,,
LP,Center I,1045,1053,DANVILLE,201,2,"the discovery of america","bryan dobson"
LP,Center I,1055,1103,OSKALOOSA,088,1,"saying goodbye","jon smith"
LP,Center I,1105,1113,FORT MADISON,734,1,"a summer to die; here comes goodbye","nicole hirte"
LP,Center I,1115,1123,SEYMOUR,679,1,"which is your clown?, midnight dancer, what a killer clown","mariah clark"
LP,Center I,1125,1133,FORT MADISON HOLY TRINITY,592,2,"fading drums","jackalyn stinson"
LP,"Center I",1135,,BREAK,,
LP,Center I,1235,1243,TRI-COUNTY,195,2,"","jennifer steen"
LP,Center I,1245,1253,BURLINGTON NOTRE DAME,613,2,"k. rheinschmidt program","kennedy rheinschmidt"
LP,Center I,1255,1303,WAPELLO,849,2,"she/her","jennifer sanchez"
LP,Center I,1305,1313,MID-PRAIRIE,637,1,"tba","ciana carr"
LP,Center I,1315,1323,MORAVIA,789,2,"surviving the wilderness: hatchet, unconquered and unconquerable, and stranded","kethryn eyheralde"
LP,"Center I",1325,,BREAK,,
LP,Center I,1330,1338,EDDYVILLE-BLAKESBURG,397,1,"","mika farnum"
LP,Center I,1340,1348,FAIRFIELD,778,2,"x","joseph wilbur"
LP,Center I,1350,1358,CENTERVILLE,208,2,"woman v. men","joe zintz"
LP,Center I,1400,1408,PEKIN COMMUNITY,125,3,"caged views of freedom","gabi rutherford"
LP,Center I,1410,1418,FORT MADISON,734,2,"21; my fathers magical hands","danielle reed"
LP,"Center I",1420,,BREAK,,
LP,Center I,1425,1433,CENTERVILLE,208,1,"the struggles of teens","jacob cash"
LP,Center I,1435,1443,CHARITON,267,2,"","vada abrahamson"
LP,Center I,1445,1453,EDDYVILLE-BLAKESBURG,397,2,"","morgan reddy"
LP,Center I,1455,1503,PEKIN COMMUNITY,125,2,"a reason to live","drew powers"
LP,Center I,1505,1513,CARDINAL,848,1,"divorced father","susana rios"
LP,Center I,1515,1523,TRI-COUNTY,195,3,"","myrissa garber"
LP,"Center I",1525,,BREAK,,
LP,Center I,1530,1538,TRI-COUNTY,195,1,"","taylor markham"
LP,Center I,1540,1548,WILLIAMSBURG,491,2,"the ring","katie emmert"
LP,Center I,1550,1558,CENTERVILLE,208,3,"mothers","maggie helmick"
LP,Center I,1600,1608,SEYMOUR,679,2,"what is a friend, friendship, always there, friends for life","kaley monohon"
LP,Center I,1610,1618,MEDIAPOLIS,842,1,"tba","hailee dill"
LP,Center I,1620,1628,WAPELLO,849,1,"even in times of trouble","candace moore"
LP,Center J,1420,1428,OTTUMWA,062,2,"","josh dorsett"
LP,Center J,1430,1438,MORAVIA,789,1,"bullying","hayley cole"
LP,Center J,1440,1448,BURLINGTON NOTRE DAME,613,1,"hackenmiller program","claire hackenmiller"
LP,Center J,1450,1458,FAIRFIELD,778,1,"x","amber manning"
LP,Center J,1500,1508,WILLIAMSBURG,491,1,"cultural journey","sierra pope"
LP,"Center J",1510,,BREAK,,
LP,Center J,1515,1523,EDDYVILLE-BLAKESBURG,397,3,"","victoria vannoni"
LP,Center J,1525,1533,CLEAR CREEK AMANA,300,1,"a shield against the night","xander bellus"
LP,Center J,1535,1543,OSKALOOSA,088,2,"overcoming fear in gymnastics","madi holle"
LP,Center J,1545,1553,BURLINGTON NOTRE DAME,613,3,"t. good program","thea good"
LP,Center J,1555,1603,WAPELLO,849,3,"we are just like you","rachael burns"
LP,"Center J",1605,,BREAK,,
LP,Center J,1610,1618,CLEAR CREEK-AMANA 9TH,911,1,"full of feeling","brianne bevans"
LP,Center J,1620,1628,PEKIN COMMUNITY,125,1,"twist and trolls: a study in cyberbullying ","audra weber"
LP,Center J,1630,1638,KEOKUK,361,1,"berner 1","madeline berner"
LP,Center J,1640,1648,TWIN CEDARS,524,1,"looking for alaska/untitled","kelli spaur"
LP,Center J,1650,1658,MEDIAPOLIS 9TH,653,2,"tba","erik beckman"
EA,Center J, 800, 808,FAIRFIELD,778,1,"x","phoenix haessler"
EA,Center J, 810, 818,WAPELLO,849,1,"dont judge a book by its cover","dru stephens"
EA,Center J, 820, 828,DANVILLE,201,1,"","brittany pfadenhauer"
EA,Center J, 830, 838,PEKIN COMMUNITY,125,1,"the oratory is real","kodi dailey"
EA,Center J, 840, 848,FORT MADISON HOLY TRINITY,592,1,"picture this","alyssa hemann"
EA,Center J, 850, 858,EDDYVILLE-BLAKESBURG,397,3,"","rickey garcia"
EA,"Center J", 900,,BREAK,,
EA,Center J, 908, 916,BURLINGTON NOTRE DAME,613,3,"broadway","thea good"
EA,Center J, 918, 926,MEDIAPOLIS,842,1,"tba","hailee dill"
EA,Center J, 928, 936,WAPELLO,849,3,"serve haiti","maggie peterson"
EA,Center J, 938, 946,KEOKUK,361,1,"reel dancers are treble makers","raechelle mckay"
EA,Center J, 948, 956,CARDINAL,848,1,"jerry byers","james mcgrath"
EA,Center J,1958,2006,CENTERVILLE,208,2,"juvenile diabetes","maggie cowan"
EA,"Center J",1008,,BREAK,,
EA,Center J,1016,1024,BURLINGTON NOTRE DAME,613,2,"fender","holly siefken"
EA,Center J,1026,1034,WASHINGTON,226,1,"save the pets","lena adam"
EA,Center J,1036,1044,EDDYVILLE-BLAKESBURG,397,1,"","adam proctor"
EA,Center J,1046,1054,,
EA,Center J,1056,1104,TRI-COUNTY,195,3,"","katharina wauschkuhn"
EA,Center J,1106,1114,DANVILLE,201,2,"","nanda dolman"
EA,"Center J",1116,,BREAK,,
EA,Center J,1124,1132,CENTERVILLE,208,3,"at the movies","thad hill"
EA,Center J,1134,1142,MOULTON-UDELL,023,1,"Cold Inside","Zach Lawler"
EA,Center J,1144,1152,ALBIA,873,1,"casey","allyson hasehuln"
EA,Center J,1154,1202,BURLINGTON NOTRE DAME,613,1,"cows","ashley lohmann"
EA,Center J,1204,1212,TRI-COUNTY,195,2,"","mathilde daspremont"
EA,"Center J",1214,,BREAK,,
EA,Center J,1314,1322,CLEAR CREEK AMANA,300,1,"becoming a youtube sensation","thomas buffard"
EA,Center J,1324,1332,TRI-COUNTY,195,1,"","hannah miover"
EA,Center J,1334,1342,WAPELLO,849,2,"you","jorge saavedra"
EA,Center J,1344,1352,EDDYVILLE-BLAKESBURG,397,2,"","kelsey maize"
EA,Center J,1354,1402,ALBIA 9TH,401,1,"nine ways to be a world class kayaker","edison goodlow"
EA,Center J,1404,1412,CENTERVILLE,208,1,"the ties that bind us","heidi wiskus"
EA,"Center J",1414,,BREAK,,
RN,Center K, 800, 805,WEST BURLINGTON ARNOLD,206,2,"","gradin schroeder"
RN,Center K, 808, 813,OTTUMWA,062,1,"","jennifer culer"
RN,Center K, 816, 821,MID-PRAIRIE,637,2,"","isaac yoder"
RN,Center K, 824, 829,EDDYVILLE-BLAKESBURG,397,3,"","nate siefker"
RN,Center K, 832, 837,FORT MADISON HOLY TRINITY,592,3,"","katie scoville"
RN,Center K, 840, 845,CENTERVILLE,208,3,"","stacey collins"
RN,Center K, 848, 853,CLEAR CREEK AMANA,300,2,"","jake tener"
RN,"Center K", 856,,BREAK,,
RN,Center K, 901, 906,TWIN CEDARS,524,3,"","tanner desplanque"
RN,Center K, 909, 914,TRI-COUNTY,195,1,"","natalie stienke"
RN,Center K, 917, 922,CENTERVILLE 9TH,705,3,"","logan byrom"
RN,Center K, 925, 930,DAVIS COUNTY,922,2,"","sara lawson"
RN,Center K, 933, 938,DANVILLE,201,2,"","kali  schelby"
RN,Center K, 941, 946,CLEAR CREEK AMANA,300,3,"","malachi rocca"
RN,Center K, 949, 954,FORT MADISON HOLY TRINITY,592,1,"","ben tinguely"
RN,"Center K", 954,,BREAK,,
RN,Center K,1002,1007,WEST BURLINGTON ARNOLD,206,1,"","athena moad"
RN,Center K,1010,1015,BURLINGTON NOTRE DAME,613,3,"","niles siefken"
RN,Center K,1018,1023,MORAVIA,789,1,"","colton naill"
RN,Center K,1026,1031,MEDIAPOLIS 9TH,653,1,"","bailey thie"
RN,Center K,1034,1039,DANVILLE,201,3,"","seth braddock"
RN,Center K,1042,1047,MEDIAPOLIS,842,1,"","maddy fisher"
RN,Center K,1050,1055,FORT MADISON HOLY TRINITY,592,2,"","conrad hellman"
RN,"Center K",1058,,BREAK,,
RN,Center K,1103,1108,MEDIAPOLIS 9TH,653,2,"","brad vance"
RN,Center K,1111,1116,WAPELLO,849,1,"","chase thurston"
RN,Center K,1119,1124,FAIRFIELD,778,1,"","hermela gebremariam"
RN,Center K,1127,1132,OSKALOOSA,088,1,"","john hirl"
RN,Center K,1135,1140,BURLINGTON NOTRE DAME,613,2,"","emma carper"
RN,Center K,1143,1148,TWIN CEDARS,524,2,"","cam lambirth"
RN,Center K,1151,1156,DANVILLE,201,1,"","colin dowd"
RN,"Center K",1159,,BREAK,,
RN,Center K,1259,1304,CHARITON,267,1,"","cord thomas"
RN,Center K,1307,1312,CENTERVILLE,208,1,"","cheyenne davis"
RN,Center K,1315,1320,BURLINGTON NOTRE DAME,613,1,"","bryce riniker"
RN,Center K,1323,1328,ALBIA 9TH,401,1,"","bradley amante"
RN,Center K,1331,1336,MEDIAPOLIS 9TH,653,3,"","sarah robben"
RN,Center K,1339,1344,MEDIAPOLIS,842,2,"","reese thornburg"
RN,Center K,1347,1352,CLEAR CREEK AMANA,300,1,"","dalton mckinney"
RN,"Center K",1355,,BREAK,,
RN,Center K,1400,1405,OSKALOOSA,088,2,"","makennah little"
RN,Center K,1408,1413,MID-PRAIRIE,637,1,"","josh allen"
RN,Center K,1416,1421,CENTERVILLE 9TH,705,2,"","emily eyheralde "
RN,Center K,1424,1429,MORAVIA,789,2,"","kethryn eyheralde"
RN,Center K,1432,1437,SEYMOUR,679,1,"","joshua brown"
RN,Center K,1440,1445,CENTERVILLE,208,2,"","katrina westphal"
RN,Center K,1448,1453,CARDINAL,848,1,"","heaven walker"
RN,"Center K",1456,,BREAK,,
RN,Center K,1501,1506,TWIN CEDARS,524,1,"","makayla carter"
RN,Center K,1509,1514,FORT MADISON,734,1,"","taylor-ann mcgee"
RN,Center K,1517,1522,SEYMOUR,679,2,"","zak sheppard"
RN,Center K,1525,1530,,
RN,Center K,1533,1538,,
RN,Center K,1541,1546,CENTERVILLE 9TH,705,1,"","dakota clark"
RN,Center K,1549,1554,EDDYVILLE-BLAKESBURG,397,2,"","jeffrey koebke"
RN,"Center K",1557,,BREAK,,
RN,Center K,1602,1607,EDDYVILLE-BLAKESBURG,397,1,"","harrison mock"
RN,Center K,1610,1615,DAVIS COUNTY,922,1,"","cailyn sales"
RN,Center K,1618,1623,,
RN,Center K,1626,1631,COLUMBUS COMMUNITY,841,1,"","sarah todd"
RN,Center K,1634,1639,MOUNT PLEASANT,409,1,"","jacob crooks"
RN,Center K,1642,1647,ALBIA,873,1,"","elza goodlow"
RN,Center K,1650,1655,MEDIAPOLIS,842,3,"","sara petersen"
ST,Center L, 800, 805,EDDYVILLE-BLAKESBURG,397,1,"","allie adams"
ST,Center L, 808, 813,WILLIAMSBURG,491,3,"skippyjon jones class action","claudia adamson"
ST,Center L, 816, 821,FORT MADISON HOLY TRINITY,592,1,"the flame thief","jackalyn stinson"
ST,Center L, 824, 829,WILLIAMSBURG,491,1,"the true story of the three little pigs","annalissa lane"
ST,Center L, 832, 837,DANVILLE,201,1,"the paper bag princess","allison moore"
ST,Center L, 840, 845,CENTERVILLE 9TH,705,2,"dusty locks","madi jo smith"
ST,Center L, 848, 853,WEST BURLINGTON ARNOLD,206,1,"green eggs and ham","anna rheinschmidt"
ST,"Center L", 856,,BREAK,,
ST,Center L, 901, 906,EDDYVILLE-BLAKESBURG,397,3,"","sawyer deevers"
ST,Center L, 909, 914,MEDIAPOLIS 9TH,653,3,"tba","kelli cross"
ST,Center L, 917, 922,DANVILLE,201,2,"sausage on my nose","kody jackson"
ST,Center L, 925, 930,WEST BURLINGTON ARNOLD,206,3,"the giving tree","cecilia crozier"
ST,Center L, 933, 938,OTTUMWA,062,1,"tba","jennifer culver"
ST,Center L, 941, 946,WINFIELD-MT UNION,644,2,"unknown","molly hinkle"
ST,Center L, 949, 954,FAIRFIELD,778,1,"x","holly harward"
ST,"Center L", 954,,BREAK,,
ST,Center L,1002,1007,CLEAR CREEK AMANA,300,1,"politically correct telling of rumplestiltskin","alison devore"
ST,Center L,1010,1015,WEST BURLINGTON ARNOLD,206,2,"are you my mother","cammy salvador"
ST,Center L,1018,1023,KEOTA,726,1,"the other side","elise swanstrom"
ST,Center L,1026,1031,CLEAR CREEK-AMANA 9TH,911,3,"freckle face strawberry","macyale devore"
ST,Center L,1034,1039,CENTERVILLE,208,2,"a story of spain","marta martinez"
ST,Center L,1042,1047,KEOKUK,361,2,"diaz 1","jonah diaz"
ST,Center L,1050,1055,FORT MADISON HOLY TRINITY,592,2,"the two brothers","kyle scheetz"
ST,"Center L",1058,,BREAK,,
ST,Center L,1103,1108,MOULTON-UDELL,023,1,"Junie B., First Grader: Dumb Bunny","Ashley Taylor"
ST,Center L,1111,1116,TRI-COUNTY,195,2,"","myrissa garber"
ST,Center L,1119,1124,CENTERVILLE 9TH,705,1,"tailypo","emily eyheralde"
ST,Center L,1127,1132,WAPELLO,849,1,"ill see you soon","ben reyes"
ST,Center L,1135,1140,FORT MADISON HOLY TRINITY,592,3,"the three medals","lillian schierbrock"
ST,Center L,1143,1148,DANVILLE,201,3,"moo hoo","landry carr"
ST,Center L,1151,1156,OSKALOOSA,088,1,"tbd","taylor steel"
ST,"Center L",1159,,BREAK,,
ST,Center L,1259,1304,TRI-COUNTY,195,3,"","emma bair"
ST,Center L,1307,1312,MEDIAPOLIS,842,1,"tba","dawson ray"
ST,Center L,1315,1320,WASHINGTON,226,1,"unknown","nayra lujano"
ST,Center L,1323,1328,MID-PRAIRIE,637,2,"the true story of the three little pigs","hannah vanroekel"
ST,Center L,1331,1336,,
ST,Center L,1339,1344,BURLINGTON ND 9TH,567,1,"k. rashid storytelling","kassidy rashid"
ST,Center L,1347,1352,MEDIAPOLIS 9TH,653,2,"tba","erik beckman"
ST,"Center L",1355,,BREAK,,
ST,Center L,1400,1405,SEYMOUR,679,1,"the monster at the end of this book","breanna conn"
ST,Center L,1408,1413,,
ST,Center L,1416,1421,CLEAR CREEK-AMANA 9TH,911,2,"but no elephants","krystin gist"
ST,Center L,1424,1429,CARDINAL,848,2,"the naga, the sun, & the crow","allie glosser"
ST,Center L,1432,1437,MOUNT PLEASANT,409,2,"sergeant recklesss story","willow barton"
ST,Center L,1440,1445,MEDIAPOLIS 9TH,653,1,"tba","ellerie vanness"
ST,Center L,1448,1453,WILLIAMSBURG,491,2,"just a game","anna tindal"
ST,"Center L",1456,,BREAK,,
ST,Center L,1501,1506,FAIRFIELD,778,3,"x","rachel funkhouser"
ST,Center L,1509,1514,PEKIN COMMUNITY,125,1,"stephanies ponytail","devin dailey"
ST,Center L,1517,1522,OTTUMWA,062,2,"tba","elynna perry"
ST,Center L,1525,1530,CARDINAL,848,1,"frankie boccino","william gonzalez"
ST,Center L,1533,1538,KEOKUK,361,1,"noneman 1","holly noneman"
ST,Center L,1541,1546,ALBIA,873,1,"the coyote that ate the fly","aleesia beary"
ST,Center L,1549,1554,WINFIELD-MT UNION,644,1,"marc was the stuff of dreams","rayna buxton"
ST,"Center L",1557,,BREAK,,
ST,Center L,1602,1607,BURLINGTON NOTRE DAME,613,3,"theres something in my attic","meagan reinhardt"
ST,Center L,1610,1615,TRI-COUNTY,195,1,"","abbey hartwig"
ST,Center L,1618,1623,ALBIA,873,2,"when a monster calls","joseph birchmier"
ST,Center L,1626,1631,MEDIAPOLIS,842,2,"tba","tyler johnson"
ST,Center L,1634,1639,,
ST,Center L,1642,1647,CENTERVILLE,208,1,"the soup princess","abby sweet"
ST,Center L,1650,1655,CLEAR CREEK-AMANA 9TH,911,1,"cinderella - the untold story","avery anderson"
ST,Center L,1658,1703,MID-PRAIRIE,637,1,"froggy gets dressed","eli vanroekel"
ST,Center M,1416,1421,CENTERVILLE,208,3,"choclatina","tiffany johnson"
ST,Center M,1424,1429,TWIN CEDARS,524,2,"","sarah tuttle"
ST,Center M,1432,1437,BURLINGTON NOTRE DAME,613,2,"today i feel silly","maggie brueck"
ST,Center M,1440,1445,KEOTA,726,2,"the day the crayons quit","grace shemanski"
ST,Center M,1448,1453,BURLINGTON ND 9TH,567,3,"the stinky cheese man","wil riley"
ST,Center M,1456,1501,WAPELLO,849,2,"violet","madyson vanluyn"
ST,Center M,1504,1509,SEYMOUR,679,2,"pigs","franchesca devore"
ST,"Center M",1512,,BREAK,,
ST,Center M,1517,1522,CARDINAL,848,3,"the posh puppy","hunter vititoe"
ST,Center M,1525,1530,TWIN CEDARS,524,1,"","cam lambirth"
ST,Center M,1533,1538,WASHINGTON,226,2,"unkown","riordan lujano"
ST,Center M,1541,1546,FAIRFIELD,778,2,"x","phoenix haessler"
ST,Center M,1549,1554,MEDIAPOLIS,842,3,"tba","wade marshall"
ST,Center M,1557,1602,ALBIA,873,3,"shelton","shelby mossman"
ST,Center M,1605,1610,BURLINGTON ND 9TH,567,2,"tucker storytelling","katie tucker"
ST,"Center M",1613,,BREAK,,
ST,Center M,1618,1623,BURLINGTON NOTRE DAME,613,1,"alexander and the terrible, horrible, no good, very bad day","gavin chasteen"
ST,Center M,1626,1631,DAVIS COUNTY,922,1,"mr. brown can moo, can you?","laura westercamp"
ST,Center M,1634,1639,MOUNT PLEASANT,409,1,"three brothers from harry potter","starr bujanowski"
ST,Center M,1642,1647,EDDYVILLE-BLAKESBURG,397,2,"","kendal durst"
ST,Center M,1650,1655,MID-PRAIRIE,637,3,"are you my mother","michael meserole"
ST,Center M,1658,1703,MORAVIA,789,1,"mystery in bugtown","emma mcdanel"
AD,Center M, 800, 805,EDDYVILLE-BLAKESBURG,397,3,"","jeffery koebke"
AD,Center M, 808, 813,BURLINGTON NOTRE DAME,613,2,"","kennedy rheinschmidt"
AD,Center M, 816, 821,MID-PRAIRIE,637,1,"tba","isaiah sents"
AD,Center M, 824, 829,MEDIAPOLIS,842,3,"tba","tyler johnson"
AD,Center M, 832, 837,DANVILLE,201,3,"","rylee molter"
AD,Center M, 840, 845,OSKALOOSA,088,1,"brendan yuri","jon smith"
AD,Center M, 848, 853,WILLIAMSBURG,491,1,"bbc","claudia adamson"
AD,"Center M", 856,,BREAK,,
AD,Center M, 901, 906,TRI-COUNTY,195,1,"","skyler fisher"
AD,Center M, 909, 914,MEDIAPOLIS,842,1,"tba","katelyn orr"
AD,Center M, 917, 922,DANVILLE,201,2,"","emma snavely"
AD,Center M, 925, 930,MID-PRAIRIE,637,2,"dairy goat troop 501","rhett leonard"
AD,Center M, 933, 938,CENTERVILLE,208,1,"oh to be a princess","tiffany johnson"
AD,Center M, 941, 946,CLEAR CREEK AMANA,300,1,"cash","emma davis"
AD,Center M, 949, 954,DAVIS COUNTY,922,1,"knowledge is still power","rylie johnson"
AD,"Center M", 954,,BREAK,,
AD,Center M,1002,1007,ALBIA 9TH,401,1,"","andrew wright"
AD,Center M,1010,1015,MEDIAPOLIS,842,2,"tba","kirsten erickson"
AD,Center M,1018,1023,FAIRFIELD,778,2,"x","monica stoltz"
AD,Center M,1026,1031,BURLINGTON NOTRE DAME,613,3,"","lydia becker"
AD,Center M,1034,1039,CARDINAL,848,2,"cooking","ryley mcelderry"
AD,Center M,1042,1047,TRI-COUNTY,195,2,"","abbey hartwig"
AD,Center M,1050,1055,MEDIAPOLIS 9TH,653,2,"tba","brittney fraise"
AD,"Center M",1058,,BREAK,,
AD,Center M,1103,1108,MEDIAPOLIS 9TH,653,3,"tba","kelli cross"
AD,Center M,1111,1116,MOUNT PLEASANT,409,1,"football mom","starr bujanowski"
AD,Center M,1119,1124,DANVILLE,201,1,"","courtney stucker"
AD,Center M,1127,1132,,
AD,Center M,1135,1140,TRI-COUNTY,195,3,"","kearstan schmidt"
AD,Center M,1143,1148,PEKIN COMMUNITY,125,1,"mr. body memorial benefit dinner","devin dailey"
AD,Center M,1151,1156,CARDINAL,848,1,"tba","candice guiter"
AD,Center M,1159,1204,DAVIS COUNTY,922,2,"its a hard sock life","sara lawson"
AD,"Center M",1207,,BREAK,,
AD,Center M,1307,1312,FAIRFIELD,778,1,"x","matthew mclain"
AD,Center M,1315,1320,EDDYVILLE-BLAKESBURG,397,2,"","harrison mock"
AD,Center M,1323,1328,EDDYVILLE-BLAKESBURG,397,1,"","cyrus rogers"
AD,Center M,1331,1336,CLEAR CREEK AMANA,300,2,"after","sidney ballard"
AD,Center M,1339,1344,MEDIAPOLIS 9TH,653,1,"tba","allison renfro"
AD,Center M,1347,1352,ALBIA,873,1,"moon","nathan maughan"
AD,Center M,1355,1400,BURLINGTON NOTRE DAME,613,1,"","anna tillo"
AD,Center M,1403,1408,CLEAR CREEK-AMANA 9TH,911,1,"speaking out","hal heath"
AD,"Center M",1411,,BREAK,,
OO,Center N, 800, 808,CLEAR CREEK AMANA,300,1,"euthanasia","joel burzacott"
OO,Center N, 810, 818,ALBIA,873,3,"magic 8 ball","ravyn sanford"
OO,Center N, 820, 828,DANVILLE,201,1,"","alexis oetken"
OO,Center N, 830, 838,CENTERVILLE,208,2,"the government and christianity","jennie fogelsong"
OO,Center N, 840, 848,FORT MADISON HOLY TRINITY,592,1,"thank you, eating disorder","elizabeth barr"
OO,Center N, 850, 858,NEW LONDON,396,1,"tba","rebecca strothman"
OO,"Center N", 900,,BREAK,,
OO,Center N, 905, 913,CENTERVILLE,208,1,"untitled","bryanna cossolotto"
OO,Center N, 915, 923,MORAVIA,789,1,"the 14th amendment","jordan howe"
OO,Center N, 925, 933,PEKIN COMMUNITY,125,1,"climate change: presenting the facts","seth bethune"
OO,Center N, 935, 943,ALBIA,873,1,"horror movies teach valuable lessons","joseph birchmier"
OO,Center N, 945, 953,EDDYVILLE-BLAKESBURG,397,3,"","sawyer deevers"
OO,Center N, 955,1003,BURLINGTON NOTRE DAME,613,2,"bullying","mary rose roundy"
OO,"Center N",1005,,BREAK,,
OO,Center N,1115,1123,MOULTON-UDELL,023,1,"Depression","Ashley Raymer"
OO,Center N,1125,1133,EDDYVILLE-BLAKESBURG,397,1,"","kelsey maize"
OO,Center N,1135,1143,DAVIS COUNTY,922,1,"doomsday?","paige stevens"
OO,Center N,1145,1153,TRI-COUNTY,195,3,"","audeanna finch"
OO,Center N,1155,1203,FORT MADISON,734,2,"the sweat pants speech","hannah scharpman"
OO,Center N,1205,1213,NEW LONDON,396,2,"tba","kassandra zaragosa"
OO,"Center N",1215,,BREAK,,
OO,Center N,1315,1323,SIGOURNEY,184,1,"women in rodeo","mateer strong"
OO,Center N,1325,1333,,
OO,Center N,1335,1343,TRI-COUNTY,195,2,"","noah mccammant"
OO,Center N,1345,1353,CHARITON,267,1,"","lille murphy"
OO,Center N,1355,1403,WASHINGTON,226,1,"xxxx","nayra lujano"
OO,Center N,1405,1413,EDDYVILLE-BLAKESBURG,397,2,"","maggie voyles"
OO,Center N,1415,1423,BURLINGTON NOTRE DAME,613,1,"college","alexa rana"
OO,"Center N",1425,,BREAK,,
OO,Center N,1430,1438,ALBIA,873,2,"animal","nathan maughan"
OO,Center N,1440,1448,BURLINGTON NOTRE DAME,613,3,"the best","zach rashid"
OO,Center N,1450,1458,FAIRFIELD,778,1,"x","olivia hammel"
OO,Center N,1500,1508,TRI-COUNTY,195,1,"","walter mckay"
OO,Center N,1510,1518,CHARITON,267,2,"","nathan smith"
OO,Center N,1520,1528,FORT MADISON,734,1,"antifeminism","margeaux nall"
OO,Center N,1530,1538,MORAVIA,789,2,"the 2nd amendment","logan perry"
OO,Center N,1540,1548,COLUMBUS COMMUNITY,841,1,"why you should listen to k-pop","katie martinez"
OO,"Center N",1550,,BREAK,,
RV,Center N,1010,1020,MID-PRAIRIE,637,2,"tba","isaac yoder"
RV,Center N,1022,1032,MEDIAPOLIS,842,1,"tba","abigail lippert"
RV,Center N,1034,1044,FAIRFIELD,778,1,"x","emma carlson"
RV,Center N,1046,1056,EDDYVILLE-BLAKESBURG,397,3,"","nate siefker"
RV,Center N,1058,1108,CLEAR CREEK AMANA,300,1,"book","reagan heath"
RV,"Center N",1110,,BREAK,,
RV,Center N,1555,1605,,
RV,Center N,1607,1617,CLEAR CREEK AMANA,300,2,"flags over america","xander bellus"
RV,Center N,1619,1629,TRI-COUNTY,195,2,"","natalie stienke"
RV,Center N,1631,1641,ALBIA 9TH,401,1,"the room","edison goodlow"
RV,Center N,1643,1653,BURLINGTON NOTRE DAME,613,3,"hinojosa review","olivia hinojosa"
RV,Center N,1655,1705,,
RV,Center N,1707,1717,FAIRFIELD,778,2,"x","loreena hucke"
RV,Center O, 905, 915,FORT MADISON,734,1,"untitled","taylor-ann mcgee"
RV,Center O, 917, 927,TRI-COUNTY,195,1,"","ryan daughenbaugh"
RV,Center O, 929, 939,BURLINGTON NOTRE DAME,613,2,"the luxe","emma carper"
RV,Center O, 941, 951,DANVILLE,201,1,"","hannah hare"
RV,Center O, 953,1003,ALBIA,873,1,"beauty and the beast","shannon mcclain"
RV,Center O,1005,1015,EDDYVILLE-BLAKESBURG,397,2,"","rickey garcia"
RV,"Center O",1017,,BREAK,,
RV,Center O,1317,1327,FAIRFIELD,778,3,"x","rachel funkhouser"
RV,Center O,1329,1339,MID-PRAIRIE,637,1,"kingdom of heaven","elijah meader"
RV,Center O,1341,1351,BURLINGTON NOTRE DAME,613,1,"west side story","carly huffman"
RV,Center O,1353,1403,EDDYVILLE-BLAKESBURG,397,1,"","gracie delacruz"
RV,Center O,1405,1415,MEDIAPOLIS,842,2,"tba","devin may"
RV,Center O,1417,1427,MOUNT PLEASANT,409,1,"nine hours, nine persons, nine doors","jacob crooks"
RV,"Center O",1429,,BREAK,,
SS,Center O, 800, 808,CLEAR CREEK AMANA,300,3,"","malachi rocca"
SS,Center O, 810, 818,MEDIAPOLIS,842,3,"","reese thornburg"
SS,Center O, 820, 828,FAIRFIELD,778,2,"","holly harward"
SS,Center O, 830, 838,CHARITON,267,1,"","braydon simms"
SS,Center O, 840, 848,COLUMBUS COMMUNITY,841,2,"","katie martinez"
SS,Center O, 850, 858,KEOKUK,361,1,"","austin derr"
SS,"Center O", 900,,BREAK,,
SS,Center O,1022,1030,WILLIAMSBURG,491,1,"","katie emmert"
SS,Center O,1032,1040,COLUMBUS COMMUNITY,841,1,"","coltrane sipes"
SS,Center O,1042,1050,TWIN CEDARS,524,1,"","christian goemaat"
SS,Center O,1052,1100,MOUNT PLEASANT,409,1,"","elijah helton"
SS,Center O,1102,1110,MORAVIA,789,3,"","logan perry"
SS,Center O,1112,1120,MEDIAPOLIS,842,1,"","devin may"
SS,"Center O",1122,,BREAK,,
SS,Center O,1127,1135,MORAVIA,789,2,"","jared howe"
SS,Center O,1137,1145,MEDIAPOLIS,842,2,"","katelyn orr"
SS,Center O,1147,1155,FAIRFIELD,778,1,"","hayli putnam"
SS,Center O,1157,1205,OSKALOOSA,088,1,"","makennah little"
SS,Center O,1207,1215,WILLIAMSBURG,491,2,"","tessa emmert"
SS,"Center O",1217,,BREAK,,
SS,Center O,1434,1442,PEKIN COMMUNITY,125,1,"","hazel ward"
SS,Center O,1444,1452,CLEAR CREEK AMANA,300,2,"","luke oehlerich"
SS,Center O,1454,1502,NEW LONDON,396,1,"","rebecca strothman"
SS,Center O,1504,1512,BURLINGTON NOTRE DAME,613,1,"","alexa rana"
SS,Center O,1514,1522,FAIRFIELD,778,3,"","doga ozesmi"
SS,Center O,1524,1532,COLUMBUS COMMUNITY,841,3,"","sarah todd"
SS,"Center O",1534,,BREAK,,
SS,Center O,1539,1547,,
SS,Center O,1549,1557,CLEAR CREEK AMANA,300,1,"","joseph vanzante"
SS,Center O,1559,1607,MORAVIA,789,1,"","colton naill"
SS,Center O,1609,1617,MID-PRAIRIE,637,1,"","isaiah sents"
SS,Center O,1619,1627,CARDINAL,848,1,"","william gonzalez"
SS,Center O,1629,1637,EDDYVILLE-BLAKESBURG,397,1,"","adam proctor"
SS,Center O,1639,1647,MEDIAPOLIS 9TH,653,1,"","grace gerling"
