603, AKRON-WESTFIELD
782, AKRON-WESTFIELD 9TH
518, BOYDEN-HULL
771, BOYDEN-HULL 9TH
504, CENTRAL LYON
551, CENTRAL LYON 9TH
583, GEORGE-LITTLE ROCK
594, GEORGE-LITTLE ROCK 9TH
122, LE MARS 9TH
408, LE MARS COMMUNITY
690, LEMARS GEHLEN
112, MOC-FLOYD VALLEY
599, MOC-FLOYD VALLEY 9TH
851, ROCK VALLEY
126, ROCK VALLEY 9TH
733, SERGEANT BLUFF-LUTON
295, SIBLEY-OCHEYEDAN
962, SIBLEY-OCHEYEDAN 9TH
483, SIOUX CENTER
457, SIOUX CITY EAST
606, SIouxland Christian High School
574, Sioux City East 9th
343, WEST LYON
178, WEST SIOUX
469, WEST SIOUX 9TH
720, WESTERN CHRISTIAN
225, WESTERN CHRISTIAN 9
