Category,Room/Center,Start,End,School,Code,Entry#,EntryTitle,Students
ST,205 High School Center 1, 800, 805,STARMONT,022,2,"duff storytelling","emily duff"
ST,205 High School Center 1, 808, 813,EDGEWOOD-COLESBURG,825,1,"the barking mourse","alley burgin"
ST,205 High School Center 1, 816, 821,BECKMAN,789,1,"the pain and the great one","caitlin kennedy"
ST,205 High School Center 1, 824, 829,WESTERN DUBUQUE,652,1,"the little match girl","lilly welsh"
ST,205 High School Center 1, 832, 837,WEST DELAWARE 9TH,183,2,"stand tall molly lou melon","kennedy niles"
ST,205 High School Center 1, 840, 845,WEST DELAWARE,023,2,"duck for president","cassidy oberreuter"
ST,205 High School Center 1, 848, 853,INDEPENDENCE,035,1,"fantastic flying books of mr. morris","autumn diesburg"
ST,205 High School Center 1, 856, 901,Dubuque Senior 9th,814,2,"","sydney ringold"
ST,205 High School Center 1, 904, 909,CASCADE,283,3,"horton hatches an egg","rachel smith"
ST,"205 High School Center 1", 912,,BREAK,,
ST,205 High School Center 1, 925, 930,WEST DELAWARE 9TH,183,1,"tacky the penguin","amber cook"
ST,205 High School Center 1, 933, 938,CLAYTON RIDGE,118,1,"pc 3 little pigs","amanda hansel"
ST,205 High School Center 1, 941, 946,MAQUOKETA VALLEY,682,3,"interrupting chicken","ali sheehy"
ST,205 High School Center 1, 949, 954,WESTERN DUBUQUE,652,3,"babbity rabbity and her cackling stump","merissa lyons"
ST,205 High School Center 1, 957,1002,DUBUQUE HEMPSTEAD,527,1,"clever tom and the leprechaun","grace manternach"
ST,205 High School Center 1,1005,1010,DUBUQUE WAHLERT,446,1,"wahcath storytelling #1","aidan mcsperrin"
ST,205 High School Center 1,1013,1018,EDGEWOOD-COLESBURG,825,2,"corduroy","danielle childers"
ST,205 High School Center 1,1021,1026,MAQUOKETA VALLEY 9TH,838,3,"mary had a little ham","maddy naab"
ST,205 High School Center 1,1029,1034,Dubuque Senior 9th,814,3,"","dhalia rodriguez"
ST,"205 High School Center 1",1037,,BREAK,,
ST,205 High School Center 1,1050,1055,MAQUOKETA VALLEY 9TH,838,1,"i love you, stinky face","chloe roling"
ST,205 High School Center 1,1058,1103,JESUP,608,2,"abiyoyo","payton ruckdacshal"
ST,205 High School Center 1,1106,1111,INDEPENDENCE,035,3,"roger rabbits bad habit","noreasa higgins"
ST,205 High School Center 1,1114,1119,EAST BUCHANAN,415,1,"bugs in my hair","katelynn sizemore"
ST,205 High School Center 1,1122,1127,UNION,308,1,"the creation of the killer whale","alex mckinley"
ST,205 High School Center 1,1130,1135,STARMONT,022,3,"smith storytelling","grace smith"
ST,205 High School Center 1,1138,1143,DUBUQUE SENIOR,184,3,"","josie martin"
ST,205 High School Center 1,1146,1151,MAQUOKETA VALLEY,682,2,"pinkalicious","josie young"
ST,"205 High School Center 1",1154,,BREAK,,
ST,205 High School Center 1,1245,1250,WEST DELAWARE,023,3,"enemy pie","destiny perry"
ST,205 High School Center 1,1253,1258,KEE,272,2,"walleser storytelling","michelle walleser"
ST,205 High School Center 1,1301,1306,DUBUQUE SENIOR,184,1,"","amy english"
ST,205 High School Center 1,1309,1314,UNION,308,3,"bear snores on","weston krug"
ST,205 High School Center 1,1317,1322,MAQUOKETA VALLEY,682,1,"too much glue","briana march"
ST,205 High School Center 1,1325,1330,CASCADE,283,2,"weber 1","maddie weber"
ST,205 High School Center 1,1333,1338,INDEPENDENCE,035,2,"little pea","caleb kremer"
ST,205 High School Center 1,1341,1346,MAQUOKETA VALLEY 9TH,838,2,"how i became a pirate","kaela chesnut"
ST,205 High School Center 1,1349,1354,POSTVILLE,614,1,"postvillestorytelling#1","kaitlyn heying"
ST,"205 High School Center 1",1357,,BREAK,,
ST,205 High School Center 1,1410,1415,UNION 9TH,246,1,"my story","john aschenbrenner"
ST,205 High School Center 1,1418,1423,,
ST,205 High School Center 1,1426,1431,Dubuque Senior 9th,814,1,"","brady booth"
ST,205 High School Center 1,1434,1439,KEE,272,3,"west storytelling","logan west"
ST,205 High School Center 1,1442,1447,DON BOSCO,935,2,"tacky the penguin","emma bailey"
ST,205 High School Center 1,1450,1455,UNION,308,2,"union st #3","mason thomsen"
ST,205 High School Center 1,1458,1503,EDGEWOOD-COLESBURG,825,3,"nana is getting married","jenna ries"
ST,205 High School Center 1,1506,1511,MFL MARMAC,261,1,"","chelbe feuerhelm"
ST,205 High School Center 1,1514,1519,STARMONT,022,1,"keppler storytelling","chantel keppler"
ST,"205 High School Center 1",1522,,BREAK,,
ST,205 High School Center 1,1535,1540,DON BOSCO,935,1,"strauel storytelling","caroline strauel"
ST,205 High School Center 1,1543,1548,MFL MARMAC,261,2,"","lizzie herzmann"
ST,205 High School Center 1,1551,1556,WAUKON,309,1,"brown st","emily brown"
ST,205 High School Center 1,1559,1604,WESTERN DUBUQUE,652,2,"wd storytelling piece","emily silich"
ST,205 High School Center 1,1607,1612,KEE,272,1,"goldfish","emily benzing"
ST,205 High School Center 1,1615,1620,DUBUQUE SENIOR,184,2,"","allison williams"
ST,205 High School Center 1,1623,1628,WEST DELAWARE,023,1,"i will not ever eat a tomato","alex bishop"
ST,205 High School Center 1,1631,1636,CASCADE 9TH,247,1,"room of the broom","taylee o'brien"
ST,205 High School Center 1,1639,1644,JESUP,608,1,"the perfect nest ","jenna tolle"
ST,205 High School Center 1,1647,1652,CASCADE,283,1,"big pumpkin","justin mcdermott"
EA,207 High School Center 2, 800, 806,DUBUQUE SENIOR,184,2,"","josie martin"
EA,207 High School Center 2, 810, 816,INDEPENDENCE,035,1,"gymnastics","alyssa jensen"
EA,207 High School Center 2, 820, 826,STARMONT,022,3,"ejumagaliyev","eldar jumagaliyev"
EA,207 High School Center 2, 830, 836,WEST DELAWARE,023,2,"making a film","christian schnieders"
EA,207 High School Center 2, 840, 846,WEST DELAWARE 9TH,183,2,"mental illness","hannah wenger"
EA,207 High School Center 2, 850, 856,MAQUOKETA VALLEY,682,2,"to kiss or tell?","kendra ries"
EA,"207 High School Center 2", 900,,BREAK,,
EA,207 High School Center 2, 920, 926,EDGEWOOD-COLESBURG,825,1,"how to saddle a horse","emma ehlers"
EA,207 High School Center 2, 930, 936,WEST DELAWARE,023,3,"learning to be a rockstar","isaac johnson"
EA,207 High School Center 2, 940, 946,INDEPENDENCE,035,3,"blacksmithing","shane monaghan"
EA,207 High School Center 2, 950, 956,DUBUQUE SENIOR,184,1,"","brandon jenkins"
EA,207 High School Center 2,1000,1006,MAQUOKETA VALLEY,682,1,"mario!","emily lagrant"
EA,207 High School Center 2,1010,1016,MAQUOKETA VALLEY 9TH,838,1,"youre not you when youre hungry: snickers satisfies","brooke wilson"
EA,"207 High School Center 2",1020,,BREAK,,
EA,207 High School Center 2,1230,1236,STARMONT,022,2,"mrecker","madison recker"
EA,207 High School Center 2,1240,1246,INDEPENDENCE,035,2,"scoliosis","rachel deboer"
EA,207 High School Center 2,1250,1256,EDGEWOOD-COLESBURG,825,2,"become a foreign exchange host family","sara ferri"
EA,207 High School Center 2,1300,1306,Dubuque Senior 9th,814,1,"","katie hansen"
EA,207 High School Center 2,1310,1316,WAUKON,309,1,"grass fed beef vs. grain fed beef","christa heffern"
EA,207 High School Center 2,1320,1326,WEST DELAWARE,023,1,"firefighter","bryonna rodgers"
EA,"207 High School Center 2",1330,,BREAK,,
EA,207 High School Center 2,1340,1346,WAUKON,309,2,"kaia exp.","kaia johanningmeier"
EA,207 High School Center 2,1350,1356,MAQUOKETA VALLEY,682,3,"a grain of sand on the beach","sean hucker"
EA,207 High School Center 2,1400,1406,WEST DELAWARE 9TH,183,1,"soccer","emily meissner"
EA,207 High School Center 2,1410,1416,STARMONT,022,1,"tshilhanek","taygan shilhanek"
EA,207 High School Center 2,1420,1426,KEE,272,1,"concussion: its not just a headache","makayla manning"
EA,207 High School Center 2,1430,1436,DUBUQUE SENIOR,184,3,"","jessica tompkins"
EA,"207 High School Center 2",1440,,BREAK,,
PO,207 High School Center 2,1030,1036,WAUKON,309,3,"the highwayman","leah riese"
PO,207 High School Center 2,1039,1045,MAQUOKETA VALLEY,682,2,"excerpts from crank/losing someone special","brieanna nielson"
PO,207 High School Center 2,1048,1054,WEST DELAWARE 9TH,183,1,"a superstition","amber cook"
PO,207 High School Center 2,1057,1103,BECKMAN,789,2,"victims of war","heather boeckenstedt"
PO,207 High School Center 2,1106,1112,MAQUOKETA VALLEY 9TH,838,2,"shine/best life/dare/i am/be the best","maddy naab"
PO,207 High School Center 2,1115,1121,UNION 9TH,246,1,"in the childrens hospital: emmie","delaney shares"
PO,207 High School Center 2,1124,1130,EDGEWOOD-COLESBURG,825,3,"nature","kennedy bahls"
PO,"207 High School Center 2",1133,,BREAK,,
PO,207 High School Center 2,1500,1506,Dubuque Senior 9th,814,2,"","christian neises"
PO,207 High School Center 2,1509,1515,JESUP,608,1,"jesup poetry #1","angelica perez"
PO,207 High School Center 2,1518,1524,MFL MARMAC,261,1,"","ayla boylen"
PO,207 High School Center 2,1527,1533,DUBUQUE SENIOR,184,1,"","abbigail markus"
PO,207 High School Center 2,1536,1542,KEE,272,1,"mcquade poetry","aubreanna mcquade"
PO,207 High School Center 2,1545,1551,,
PO,207 High School Center 2,1554,1600,MAQUOKETA VALLEY,682,3,"11:21 a.m.","natalie neuzil"
PO,203 High School Center 4,1515,1521,DUBUQUE HEMPSTEAD,527,1,"dbqhemp poetry #1","emily tigges"
PO,203 High School Center 4,1524,1530,EDGEWOOD-COLESBURG,825,2,"the no hug rule","katie snook"
PO,203 High School Center 4,1533,1539,WEST DELAWARE,023,3,"ocd","kyle curley"
PO,203 High School Center 4,1542,1548,CASCADE,283,1,"the three little pigs","preston geerts"
PO,203 High School Center 4,1551,1557,DUBUQUE SENIOR,184,3,"","james riley"
PO,203 High School Center 4,1600,1606,MFL MARMAC,261,2,"","sharlene routt"
PO,203 High School Center 4,1609,1615,WESTERN DUBUQUE,652,1,"aspiration and limitations","taylor peterson"
PO,203 High School Center 4,1618,1624,DON BOSCO,935,1,"someone is missing/seasons of grief","elizabeth schaefer"
PO,203 High School Center 4,1627,1633,INDEPENDENCE,035,1,"ocd","avery nabholz"
PO,205 Middle School Center 12, 800, 806,WEST DELAWARE,023,1,"explain my depression to my mother: a conversation","kaitlyn reth"
PO,205 Middle School Center 12, 809, 815,CENTRAL ELKADER,265,2,"b (if i should have a daughter)","mackenzie vlazny"
PO,205 Middle School Center 12, 818, 824,CLAYTON RIDGE,118,3,"pretty hurts","rebecca scherer"
PO,205 Middle School Center 12, 827, 833,MAQUOKETA VALLEY 9TH,838,1,"the little boy","kelsey ries"
PO,205 Middle School Center 12, 836, 842,WESTERN DUBUQUE,652,2,"wd poetry selection","jenna errthum"
PO,205 Middle School Center 12, 845, 851,CLAYTON RIDGE,118,1,"simon","alex simon"
PO,205 Middle School Center 12, 854, 900,EDGEWOOD-COLESBURG,825,1,"appreation of life","allyson snook"
PO,205 Middle School Center 12, 903, 909,INDEPENDENCE,035,2,"dementia poems","karlie michael"
PO,"205 Middle School Center 12", 912,,BREAK,,
PO,205 Middle School Center 12, 925, 931,DUBUQUE HEMPSTEAD,527,2,"spelling father","kennedy keil"
PO,205 Middle School Center 12, 934, 940,STARMONT 9TH,248,1,"","anna minchk"
PO,205 Middle School Center 12, 943, 949,CASCADE,283,2,"next to nothing","samantha knepper"
PO,205 Middle School Center 12, 952, 958,CLAYTON RIDGE,118,2,"here in amercia","blake bolsinger"
PO,205 Middle School Center 12,1001,1007,STARMONT,022,2,"amorgan","abby morgan"
PO,205 Middle School Center 12,1010,1016,POSTVILLE,614,1,"postvillepoetry#1","kaitlen leiran"
PO,205 Middle School Center 12,1019,1025,DUBUQUE SENIOR,184,2,"","avery michels"
PO,205 Middle School Center 12,1028,1034,UNION,308,2,"alice, sweet alice","kassidy ziein"
PO,"205 Middle School Center 12",1037,,BREAK,,
PO,205 Middle School Center 12,1050,1056,WESTERN DUBUQUE,652,3,"wd poetry selection 2","emily silich"
PO,205 Middle School Center 12,1058,1104,STARMONT,022,3,"scross","shannon cross"
PO,205 Middle School Center 12,1107,1113,UNION,308,3,"please hear what i am not saying","liz wilson"
PO,205 Middle School Center 12,1116,1122,WEST DELAWARE 9TH,183,3,"little red riding hood","hailey hilby"
PO,205 Middle School Center 12,1125,1131,WEST DELAWARE,023,2,"pass on","kaylar recker"
PO,205 Middle School Center 12,1134,1140,JESUP,608,3,"skidmark heart","emily nedgl"
PO,205 Middle School Center 12,1143,1149,INDEPENDENCE,035,3,"what are your symptoms","reagan kremer"
PO,"205 Middle School Center 12",1152,,BREAK,,
PO,205 Middle School Center 12,1250,1256,BECKMAN,789,1,"identity","amy pagaza"
PO,205 Middle School Center 12,1259,1305,EAST BUCHANAN,415,1,"eb-irp/tba","taylor teel"
PO,205 Middle School Center 12,1308,1314,MAQUOKETA VALLEY,682,1,"the invitation","kiesha stelken"
PO,205 Middle School Center 12,1317,1323,DUBUQUE WAHLERT,446,1,"prelude #2 / dinosauria, we / the laughing heart","maria ottavi"
PO,205 Middle School Center 12,1326,1332,WAUKON,309,2,"to this day","emily hammel"
PO,205 Middle School Center 12,1335,1341,UNION,308,1,"to this day","jacob opperman"
PO,205 Middle School Center 12,1344,1350,STARMONT,022,1,"ckeppler","chantel keppler"
PO,205 Middle School Center 12,1353,1359,Dubuque Senior 9th,814,1,"","hannah compton"
PO,"205 Middle School Center 12",1402,,BREAK,,
PO,205 Middle School Center 12,1415,1421,MFL MARMAC,261,3,"","dakota hickman"
PO,205 Middle School Center 12,1424,1430,BECKMAN,789,3,"sacrifice","nicole schilling"
PO,205 Middle School Center 12,1433,1439,Dubuque Senior 9th,814,3,"","kate tonn"
PO,205 Middle School Center 12,1442,1448,CASCADE,283,3,"to think i saw it on mulberry street","stephanie peiffer"
PO,205 Middle School Center 12,1451,1457,CENTRAL ELKADER,265,1,"reflections","kristi eberhardt"
PO,205 Middle School Center 12,1500,1506,MAQUOKETA VALLEY 9TH,838,3,"daddys day","stefanie hansen"
PO,205 Middle School Center 12,1509,1515,WEST DELAWARE 9TH,183,2,"charge to the light brigade","grant schmidt"
PO,205 Middle School Center 12,1518,1524,WAUKON,309,1,"the bully","christa heffern"
PO,205 Middle School Center 12,1527,1533,JESUP,608,2,"to the boys who may one day date my daughter","brian friedly"
AD,204 High School Center 3, 800, 805,MAQUOKETA VALLEY,682,1,"cdoo","riley sternhagen"
AD,204 High School Center 3, 808, 813,DUBUQUE SENIOR,184,3,"","kasey lyons"
AD,204 High School Center 3, 816, 821,BECKMAN,789,1,"choir","ashley hermsen"
AD,204 High School Center 3, 824, 829,INDEPENDENCE,035,2,"twins","maurissa higgins"
AD,204 High School Center 3, 832, 837,EAST BUCHANAN,415,1,"ad4eb/tba","madison mcmurrin"
AD,204 High School Center 3, 840, 845,WEST DELAWARE,023,3,"movie theater etiquette","tia lindsay"
AD,204 High School Center 3, 848, 853,WEST DELAWARE 9TH,183,1,"how to be a doctor","alex schnieders"
AD,204 High School Center 3, 856, 901,STARMONT,022,1,"tess ad","tess knickerbocker"
AD,"204 High School Center 3", 904,,BREAK,,
AD,204 High School Center 3, 915, 920,UNION,308,1,"union ads #2","heather vaughn"
AD,204 High School Center 3, 923, 928,STARMONT,022,2,"audry ad","audry goedken"
AD,204 High School Center 3, 931, 936,INDEPENDENCE,035,3,"nightmare4s in the 21st century","reagan kremer"
AD,204 High School Center 3, 939, 944,WEST DELAWARE,023,1,"instagram etiquette","jacob gasper"
AD,204 High School Center 3, 947, 952,WEST DELAWARE,023,2,"parents guide to teens going to high school","kara hawker"
AD,204 High School Center 3, 955,1000,CENTRAL ELKADER,265,1,"after dinner vlazny","mackenzie vlazny"
AD,204 High School Center 3,1003,1008,WEST DELAWARE 9TH,183,2,"how to get babes: middle school style","justin grawe"
AD,204 High School Center 3,1011,1016,WAUKON,309,1,"dating help for men","adam gruman"
AD,"204 High School Center 3",1019,,BREAK,,
AD,204 High School Center 3,1300,1305,WAUKON,309,3,"pladsen ad","matti pladsen"
AD,204 High School Center 3,1308,1313,INDEPENDENCE,035,1,"love of nicknames","kira reed"
AD,204 High School Center 3,1316,1321,EDGEWOOD-COLESBURG,825,1,"ed-co ad #1","kaden jones"
AD,204 High School Center 3,1324,1329,WEST DELAWARE 9TH,183,3,"short people problems","karley vantheemsche"
AD,204 High School Center 3,1332,1337,MAQUOKETA VALLEY,682,2,"the pms party","angie wilson"
AD,204 High School Center 3,1340,1345,Dubuque Senior 9th,814,2,"","gabe vander broek"
AD,204 High School Center 3,1348,1353,MAQUOKETA VALLEY 9TH,838,1,"disney villians alliance","emma mcdowell"
AD,204 High School Center 3,1356,1401,DUBUQUE SENIOR,184,2,"","olivia dudgeon"
AD,"204 High School Center 3",1404,,BREAK,,
AD,204 High School Center 3,1415,1420,MAQUOKETA VALLEY 9TH,838,2,"fellow elves of the north pole","katilyn deutmeyer"
AD,204 High School Center 3,1423,1428,MAQUOKETA VALLEY,682,3,"waisa","colin wendt"
AD,204 High School Center 3,1431,1436,WAUKON,309,2,"harry potter support group","laurel keenan"
AD,204 High School Center 3,1439,1444,UNION,308,2,"international league of b.a.c.h.","nathan leroy"
AD,204 High School Center 3,1447,1452,Dubuque Senior 9th,814,1,"","will lafoe"
AD,204 High School Center 3,1455,1500,MFL MARMAC,261,1,"","anjela waterman"
AD,204 High School Center 3,1503,1508,STARMONT,022,3,"gabrielle ad","gabrielle moellers"
AD,204 High School Center 3,1511,1516,DUBUQUE SENIOR,184,1,"","hannah burke"
AD,"204 High School Center 3",1519,,BREAK,,
ACT,204 High School Center 3,1030,1038,UNION 9TH,246,3,"how i got my super powers","zeke seuser"
ACT,204 High School Center 3,1040,1048,UNION,308,2,"amanda","lizzie klein"
ACT,204 High School Center 3,1050,1058,INDEPENDENCE,035,3,"the actress","karlie michael"
ACT,204 High School Center 3,1100,1108,WAUKON,309,1,"mouse that saved the world","adam gruman"
ACT,204 High School Center 3,1110,1118,KEE,272,2,"benzing acting","emily benzing"
ACT,204 High School Center 3,1120,1128,STARMONT 9TH,248,1,"drivers test","maire powell"
ACT,204 High School Center 3,1130,1138,DON BOSCO,935,1,"campaign promisess","claire thoma"
ACT,204 High School Center 3,1140,1148,MAQUOKETA VALLEY 9TH,838,2,"acceptance","izabel niehaus"
ACT,204 High School Center 3,1150,1158,DUBUQUE SENIOR,184,3,"","ethan vander broek"
ACT,204 High School Center 3,1200,1208,DUBUQUE HEMPSTEAD,527,1,"dbqhemp solo acting","emily tigges"
ACT,"204 High School Center 3",1210,,BREAK,,
ACT,204 High School Center 3,1530,1538,STARMONT,022,3,"french fries","tess knickerbocker"
ACT,204 High School Center 3,1540,1548,MAQUOKETA VALLEY 9TH,838,1,"breaking up texting style","hannah lahr"
ACT,204 High School Center 3,1550,1558,UNION 9TH,246,1,"what it was, was football","anthony redman"
ACT,204 High School Center 3,1600,1608,CENTRAL ELKADER,265,2,"cheering my way into college","mary kate wille"
ACT,204 High School Center 3,1610,1618,BECKMAN,789,1,"story of an hour","ashley hermsen"
ACT,204 High School Center 3,1620,1628,POSTVILLE,614,3,"a small, simple kindness","litci marroquin"
ACT,204 High School Center 3,1630,1638,MFL MARMAC,261,3,"","brandon martin"
ACT,204 High School Center 3,1640,1648,MAQUOKETA VALLEY,682,3,"watch it burn","megan beaman"
ACT,204 High School Center 3,1650,1658,DUBUQUE SENIOR,184,1,"","adria hogan"
ACT,204 High School Center 3,1700,1708,DON BOSCO,935,2,"rolf acting","diane rolf"
ACT,312 Middle School Center 10, 800, 808,UNION,308,3,"my mothers touch","madi winter"
ACT,312 Middle School Center 10, 810, 818,STARMONT,022,2,"im not stupid","sarah mcmurtry"
ACT,312 Middle School Center 10, 820, 828,CASCADE,283,2,"only children believe in butterflies","renee redmond"
ACT,312 Middle School Center 10, 830, 838,DUBUQUE WAHLERT,446,1,"the mandrake / richard ii","aidan mcsperrin"
ACT,312 Middle School Center 10, 840, 848,MFL MARMAC,261,1,"","walter stavroplus"
ACT,312 Middle School Center 10, 850, 858,WEST DELAWARE,023,3,"cheerleader meets the goth","katie scovel"
ACT,312 Middle School Center 10, 900, 908,WAUKON,309,3,"amazing grace","katelyn leiran"
ACT,"312 Middle School Center 10", 910,,BREAK,,
ACT,312 Middle School Center 10, 920, 928,CASCADE,283,1,"lobdell 1","danejia lobdell"
ACT,312 Middle School Center 10, 930, 938,MAQUOKETA VALLEY,682,2,"men are stupid and i rock","shawnae hoeger"
ACT,312 Middle School Center 10, 940, 948,JESUP,608,4,"wrong and ready","payton ruckdaschal"
ACT,312 Middle School Center 10, 950, 958,INDEPENDENCE,035,1,"the orphan train","jenna shonk"
ACT,312 Middle School Center 10,1000,1008,CLAYTON RIDGE,118,1,"true story","alex simon"
ACT,312 Middle School Center 10,1010,1018,UNION,308,4,"grief-struck","nathan acuff"
ACT,312 Middle School Center 10,1020,1028,WEST DELAWARE,023,2,"my mothers touch","kaitlyn reth"
ACT,"312 Middle School Center 10",1030,,BREAK,,
ACT,312 Middle School Center 10,1040,1048,UNION,308,1,"afterlife","clayton thiele"
ACT,312 Middle School Center 10,1050,1058,EDGEWOOD-COLESBURG,825,3,"model of the year","sarah ostwinkle"
ACT,312 Middle School Center 10,1100,1108,POSTVILLE,614,1,"dvd collecting zombie: an apocalyptic story","andrew hernandez"
ACT,312 Middle School Center 10,1110,1118,DUBUQUE SENIOR,184,2,"","grace maddux"
ACT,312 Middle School Center 10,1120,1128,JESUP,608,2,"i cant stop","danielle finley"
ACT,312 Middle School Center 10,1130,1138,UNION 9TH,246,2,"union 9th act #3","veronica redman"
ACT,"312 Middle School Center 10",1140,,BREAK,,
ACT,312 Middle School Center 10,1240,1248,EDGEWOOD-COLESBURG,825,2,"cheerleader meets goth","sadie abitz"
ACT,312 Middle School Center 10,1250,1258,INDEPENDENCE,035,2,"cold blooded murderer","josie fischels"
ACT,312 Middle School Center 10,1300,1308,DUBUQUE WAHLERT,446,3,"the last days of judas iscariot / the little dog laughed","rachel hefel"
ACT,312 Middle School Center 10,1310,1318,WAUKON 9TH,860,1,"the holly vs. randall wars","megan o'neill"
ACT,312 Middle School Center 10,1320,1328,CASCADE 9TH,247,1,"obrien 1","taylee o'brien"
ACT,312 Middle School Center 10,1330,1338,WESTERN DUBUQUE,652,2,"wd acting piece","elinor johll"
ACT,312 Middle School Center 10,1340,1348,POSTVILLE,614,4,"the big c","melvin munoz"
ACT,"312 Middle School Center 10",1350,,BREAK,,
ACT,312 Middle School Center 10,1400,1408,EDGEWOOD-COLESBURG,825,1,"medicine","morgan fannon"
ACT,312 Middle School Center 10,1410,1418,CENTRAL ELKADER,265,1,"my william shatner man crush","justin deshaw"
ACT,312 Middle School Center 10,1420,1428,WAUKON,309,2,"the last flapper","annika wahlberg"
ACT,312 Middle School Center 10,1430,1438,MFL MARMAC,261,4,"","dakota weaver"
ACT,312 Middle School Center 10,1440,1448,WEST DELAWARE,023,1,"addie and me","hanna marbach"
ACT,312 Middle School Center 10,1450,1458,JESUP,608,3,"salt and pepper dinner","emily nedgl"
ACT,312 Middle School Center 10,1500,1508,UNION,308,5,"dirk, the angry scotsman","weston krug"
ACT,"312 Middle School Center 10",1510,,BREAK,,
ACT,312 Middle School Center 10,1520,1528,MAQUOKETA VALLEY 9TH,838,3,"as seen on tv","lane coyle"
ACT,312 Middle School Center 10,1530,1538,STARMONT,022,1,"a good problem","meg swanson"
ACT,312 Middle School Center 10,1540,1548,WESTERN DUBUQUE,652,1,"only children believe in butterflies","mina sahir"
ACT,312 Middle School Center 10,1550,1558,MFL MARMAC,261,2,"","cheyenne lachman"
ACT,312 Middle School Center 10,1600,1608,WEST DELAWARE,023,4,"the contestant","nick juergens"
ACT,312 Middle School Center 10,1610,1618,JESUP,608,1,"jesup acting #2","angelica perez"
ACT,312 Middle School Center 10,1620,1628,POSTVILLE,614,2,"saucy mamasita","jennifer bernal"
ACT,312 Middle School Center 10,1630,1638,KEE,272,1,"the big c","ethan walleser"
ACT,312 Middle School Center 10,1640,1648,DUBUQUE WAHLERT,446,2,"miss julie","emily meinert"
ACT,312 Middle School Center 10,1650,1658,MAQUOKETA VALLEY,682,1,"the gift of tongues","patrick hansen"
RN,203 High School Center 4 (Draw-Library 30 min. before perform.), 800, 805,WEST DELAWARE 9TH,183,2,"","ethan opitz"
RN,203 High School Center 4 (Draw-Library 30 min. before perform.), 809, 814,Dubuque Senior 9th,814,1,"","connor sindt"
RN,203 High School Center 4 (Draw-Library 30 min. before perform.), 818, 823,MAQUOKETA VALLEY,682,1,"","abby holtz"
RN,203 High School Center 4 (Draw-Library 30 min. before perform.), 827, 832,POSTVILLE,614,1,"","leslie claustro"
RN,203 High School Center 4 (Draw-Library 30 min. before perform.), 836, 841,CLAYTON RIDGE,118,2,"","nicole schafers"
RN,203 High School Center 4 (Draw-Library 30 min. before perform.), 845, 850,DUBUQUE SENIOR,184,1,"","isaac current giere"
RN,"203 High School Center 4 (Draw-Library 30 min. before perform.)", 854,,BREAK,,
RN,203 High School Center 4 (Draw-Library 30 min. before perform.), 905, 910,CLAYTON RIDGE,118,1,"","ivy aulwes"
RN,203 High School Center 4 (Draw-Library 30 min. before perform.), 914, 919,EDGEWOOD-COLESBURG,825,2,"","ethan streicher"
RN,203 High School Center 4 (Draw-Library 30 min. before perform.), 923, 928,WEST DELAWARE,023,1,"","aleah vaske"
RN,203 High School Center 4 (Draw-Library 30 min. before perform.), 932, 937,STARMONT,022,2,"","jenna pitcher"
RN,203 High School Center 4 (Draw-Library 30 min. before perform.), 941, 946,DUBUQUE HEMPSTEAD,527,1,"","michael ciesielski"
RN,203 High School Center 4 (Draw-Library 30 min. before perform.), 950, 955,WAUKON,309,2,"","quinton lewis"
RN,"203 High School Center 4 (Draw-Library 30 min. before perform.)", 959,,BREAK,,
RN,203 High School Center 4 (Draw-Library 30 min. before perform.),1010,1015,STARMONT,022,1,"","sarah mcmurtry"
RN,203 High School Center 4 (Draw-Library 30 min. before perform.),1019,1024,MFL MARMAC,261,3,"","tyson dolan"
RN,203 High School Center 4 (Draw-Library 30 min. before perform.),1028,1033,WEST DELAWARE 9TH,183,1,"","addy rieken"
RN,203 High School Center 4 (Draw-Library 30 min. before perform.),1037,1042,INDEPENDENCE,035,2,"","marissa robinsom"
RN,203 High School Center 4 (Draw-Library 30 min. before perform.),1046,1051,STARMONT 9TH,248,2,"","meredith tucker"
RN,203 High School Center 4 (Draw-Library 30 min. before perform.),1055,1100,KEE,272,1,"","tom martin"
RN,"203 High School Center 4 (Draw-Library 30 min. before perform.)",1104,,BREAK,,
RN,203 High School Center 4 (Draw-Library 30 min. before perform.),1200,1205,INDEPENDENCE,035,3,"","mike dinger"
RN,203 High School Center 4 (Draw-Library 30 min. before perform.),1209,1214,WEST DELAWARE,023,3,"","cassidy oberreuter"
RN,203 High School Center 4 (Draw-Library 30 min. before perform.),1218,1223,EDGEWOOD-COLESBURG,825,1,"","dayne bergan"
RN,203 High School Center 4 (Draw-Library 30 min. before perform.),1227,1232,WAUKON,309,3,"","zach troendle"
RN,203 High School Center 4 (Draw-Library 30 min. before perform.),1236,1241,MAQUOKETA VALLEY,682,3,"","mckenzie lansing"
RN,203 High School Center 4 (Draw-Library 30 min. before perform.),1245,1250,DUBUQUE SENIOR,184,2,"","benedict schultz"
RN,"203 High School Center 4 (Draw-Library 30 min. before perform.)",1254,,BREAK,,
RN,203 High School Center 4 (Draw-Library 30 min. before perform.),1305,1310,WEST DELAWARE,023,2,"","alex bishop"
RN,203 High School Center 4 (Draw-Library 30 min. before perform.),1314,1319,DUBUQUE SENIOR,184,3,"","collin sindt"
RN,203 High School Center 4 (Draw-Library 30 min. before perform.),1323,1328,MAQUOKETA VALLEY,682,2,"","nichole lucas"
RN,203 High School Center 4 (Draw-Library 30 min. before perform.),1332,1337,MFL MARMAC,261,2,"","dakota hickman"
RN,203 High School Center 4 (Draw-Library 30 min. before perform.),1341,1346,INDEPENDENCE,035,1,"","dalton bantz"
RN,203 High School Center 4 (Draw-Library 30 min. before perform.),1350,1355,STARMONT 9TH,248,1,"","danielle haynes"
RN,"203 High School Center 4 (Draw-Library 30 min. before perform.)",1359,,BREAK,,
RN,203 High School Center 4 (Draw-Library 30 min. before perform.),1410,1415,CASCADE,283,1,"","lance mausser"
RN,203 High School Center 4 (Draw-Library 30 min. before perform.),1419,1424,WEST DELAWARE 9TH,183,3,"","grant schmidt"
RN,203 High School Center 4 (Draw-Library 30 min. before perform.),1428,1433,WAUKON 9TH,860,1,"","sean liddiard"
RN,203 High School Center 4 (Draw-Library 30 min. before perform.),1437,1442,BECKMAN,789,1,"","amy pagaza"
RN,203 High School Center 4 (Draw-Library 30 min. before perform.),1446,1451,WAUKON,309,1,"","dietsy mitchell"
RN,203 High School Center 4 (Draw-Library 30 min. before perform.),1455,1500,MFL MARMAC,261,1,"","peyton meisner"
RN,"203 High School Center 4 (Draw-Library 30 min. before perform.)",1504,,BREAK,,
SS,103 High School Center 5, 800, 808,INDEPENDENCE,035,3,"","will whited"
SS,103 High School Center 5, 809, 817,WEST DELAWARE,023,1,"","colin werner"
SS,103 High School Center 5, 818, 826,DUBUQUE SENIOR,184,3,"","melissa pfeiffer"
SS,103 High School Center 5, 827, 835,STARMONT,022,1,"","russell manternach"
SS,103 High School Center 5, 836, 844,EDGEWOOD-COLESBURG,825,1,"","jacob wessel"
SS,103 High School Center 5, 845, 853,CASCADE,283,1,"","lance mausser"
SS,103 High School Center 5, 854, 902,CLAYTON RIDGE,118,1,"","kelly hawkins"
SS,"103 High School Center 5", 903,,BREAK,,
SS,103 High School Center 5,1055,1103,DUBUQUE SENIOR,184,2,"","josh mauss"
SS,103 High School Center 5,1104,1112,WEST DELAWARE,023,3,"","nolan monaghan"
SS,103 High School Center 5,1113,1121,INDEPENDENCE,035,2,"","shane monaghan"
SS,103 High School Center 5,1122,1130,MAQUOKETA VALLEY 9TH,838,1,"","emma mcdowell"
SS,103 High School Center 5,1131,1139,MAQUOKETA VALLEY,682,3,"","brianna mensen"
SS,103 High School Center 5,1140,1148,CASCADE,283,2,"","liam curoe"
SS,103 High School Center 5,1149,1157,KEE,272,1,"","anthony martin"
SS,"103 High School Center 5",1158,,BREAK,,
SS,103 High School Center 5,1250,1258,CASCADE 9TH,247,1,"","madeleine lange"
SS,103 High School Center 5,1259,1307,MAQUOKETA VALLEY,682,1,"","emily krapfl"
SS,103 High School Center 5,1308,1316,STARMONT,022,3,"","gabrielle moellers"
SS,103 High School Center 5,1317,1325,WAUKON,309,1,"","courtney hansen"
SS,103 High School Center 5,1326,1334,EDGEWOOD-COLESBURG,825,2,"","payton rochford"
SS,103 High School Center 5,1335,1343,WEST DELAWARE,023,2,"","gage gassmann"
SS,103 High School Center 5,1344,1352,MFL MARMAC,261,1,"","mason doyle"
SS,"103 High School Center 5",1353,,BREAK,,
SS,103 High School Center 5,1545,1553,STARMONT,022,2,"","quinn o'brien"
SS,103 High School Center 5,1554,1602,DUBUQUE WAHLERT,446,1,"","rachel hefel"
SS,103 High School Center 5,1603,1611,DUBUQUE SENIOR,184,1,"","caroline brondyke"
SS,103 High School Center 5,1612,1620,INDEPENDENCE,035,1,"","eric lympus"
SS,103 High School Center 5,1621,1629,MAQUOKETA VALLEY,682,2,"","rejji smith"
SS,103 High School Center 5,1630,1638,STARMONT 9TH,248,1,"","jake fenton"
SS,103 High School Center 5,1639,1647,WESTERN DUBUQUE,652,1,"","benjamin howard"
RV,103 High School Center 5, 915, 923,Dubuque Senior 9th,814,1,"","true mills"
RV,103 High School Center 5, 924, 932,POSTVILLE,614,1,"elder scrolls v: skyrim","andrew hernandez"
RV,103 High School Center 5, 933, 941,DUBUQUE SENIOR,184,3,"","lauren winter"
RV,103 High School Center 5, 942, 950,EDGEWOOD-COLESBURG,825,1,"percy jackson series","kenzie schmitz"
RV,103 High School Center 5, 951, 959,MAQUOKETA VALLEY,682,1,"the catcher in the rye","shaylyn trenkamp"
RV,103 High School Center 5,1000,1008,INDEPENDENCE,035,2,"the hobbit","marissa robinson"
RV,103 High School Center 5,1009,1017,WEST DELAWARE,023,2,"a brief history of a galaxy far, far away","holden smith"
RV,103 High School Center 5,1018,1026,STARMONT,022,1,"pitcher review","jenna pitcher"
RV,103 High School Center 5,1027,1035,DUBUQUE SENIOR,184,2,"","paige kizer"
RV,103 High School Center 5,1036,1044,WESTERN DUBUQUE,652,1,"dead poets society","mina sahir"
RV,"103 High School Center 5",1045,,BREAK,,
RV,103 High School Center 5,1405,1413,WEST DELAWARE,023,1,"coach carter","daniel meissner"
RV,103 High School Center 5,1414,1422,DUBUQUE HEMPSTEAD,527,1,"dbqhemp rev#1","connor grassel"
RV,103 High School Center 5,1423,1431,INDEPENDENCE,035,1,"clash of clans","grace bertelli"
RV,103 High School Center 5,1432,1440,MAQUOKETA VALLEY,682,3,"frozen","brittany sabers"
RV,103 High School Center 5,1441,1449,STARMONT,022,2,"fletcher review","john fletcher"
RV,103 High School Center 5,1450,1458,MAQUOKETA VALLEY,682,2,"the wizard of oz","macy anderegg"
RV,103 High School Center 5,1459,1507,DUBUQUE SENIOR,184,1,"","emily garrett"
RV,103 High School Center 5,1508,1516,WEST DELAWARE,023,3,"friends","leah phillip"
RV,103 High School Center 5,1517,1525,WEST DELAWARE 9TH,183,1,"keeping up with the kardashians","karley vantheemsche"
RV,103 High School Center 5,1526,1534,WESTERN DUBUQUE,652,2,"the breakfast club","abby lyons"
RV,"103 High School Center 5",1535,,BREAK,,
OO,107 High School Center 6, 800, 808,CLAYTON RIDGE,118,1,"see over the sea","paul seitz"
OO,107 High School Center 6, 810, 818,MFL MARMAC,261,2,"","coltin ball"
OO,107 High School Center 6, 820, 828,WEST DELAWARE 9TH,183,1,"being a vegetarian","grace reiss"
OO,107 High School Center 6, 830, 838,CASCADE 9TH,247,1,"social inequality: are we moving forward or backward as a society? ","madeleine lange"
OO,107 High School Center 6, 840, 848,WAUKON,309,1,"my vision for america","alex marti"
OO,107 High School Center 6, 850, 858,WESTERN DUBUQUE,652,2,"wd original oratory ","benjamin howard"
OO,"107 High School Center 6", 900,,BREAK,,
OO,107 High School Center 6, 910, 918,MAQUOKETA VALLEY,682,1,"knives with wooden handles","jazz niehaus"
OO,107 High School Center 6, 920, 928,CLAYTON RIDGE,118,2,"the f word","rebecca scherer"
OO,107 High School Center 6, 930, 938,BECKMAN,789,1,"love is kind","laura kruse"
OO,107 High School Center 6, 940, 948,WESTERN DUBUQUE,652,1,"2nd amendment","nathan maiers"
OO,107 High School Center 6, 950, 958,INDEPENDENCE,035,2,"3rd revision of u.s. constitution","cullen anderson"
OO,107 High School Center 6,1000,1008,DUBUQUE SENIOR,184,2,"","mikailah shealer"
OO,"107 High School Center 6",1010,,BREAK,,
OO,107 High School Center 6,1020,1028,INDEPENDENCE,035,1,"nigeria","brynn martin"
OO,107 High School Center 6,1030,1038,STARMONT,022,2,"mfalck","molly falck"
OO,107 High School Center 6,1040,1048,WEST DELAWARE,023,1,"the u.s. shouldnt have a two-party system","colin werner"
OO,107 High School Center 6,1050,1058,MAQUOKETA VALLEY,682,3,"grandma, are you there?","megan hogan"
OO,107 High School Center 6,1100,1108,MFL MARMAC,261,1,"","mason doyle"
OO,107 High School Center 6,1110,1118,EDGEWOOD-COLESBURG,825,2,"ed-co oo # 3","nick bockenstedt"
OO,"107 High School Center 6",1120,,BREAK,,
OO,107 High School Center 6,1215,1223,MAQUOKETA VALLEY,682,2,"every five seconds","amanda fortman"
OO,107 High School Center 6,1225,1233,MAQUOKETA VALLEY 9TH,838,1,"the stuff that turns thoughts into actions","faith hunt"
OO,107 High School Center 6,1235,1243,DUBUQUE SENIOR,184,3,"","brittany smith"
OO,107 High School Center 6,1245,1253,WAUKON,309,2,"death penalty","laurel keenan"
OO,107 High School Center 6,1255,1303,STARMONT,022,3,"apope","alex pope"
OO,107 High School Center 6,1305,1313,BECKMAN,789,2,"the truth of perfection","nicole schmitt"
OO,"107 High School Center 6",1315,,BREAK,,
OO,107 High School Center 6,1325,1333,DUBUQUE SENIOR,184,1,"","allison leppert"
OO,107 High School Center 6,1335,1343,STARMONT,022,1,"sijaz","shumaim ijaz"
OO,107 High School Center 6,1345,1353,EDGEWOOD-COLESBURG,825,1,"columbus: not the first","jacob wessel"
OO,107 High School Center 6,1355,1403,WAUKON,309,3,"flaws in cyber security","nathan smith"
OO,107 High School Center 6,1405,1413,MFL MARMAC,261,3,"","anjela waterman"
OO,107 High School Center 6,1415,1423,WEST DELAWARE,023,3,"america treats its language like garbage","isabelle breitfelder"
OO,"107 High School Center 6",1425,,BREAK,,
OO,107 High School Center 6,1435,1443,INDEPENDENCE,035,3,"depression","evan deboer"
OO,107 High School Center 6,1445,1453,STARMONT 9TH,248,1,"","macy mommer"
OO,107 High School Center 6,1455,1503,WEST DELAWARE,023,2,"why you should join my cult","holden smith"
OO,107 High School Center 6,1505,1513,EDGEWOOD-COLESBURG,825,3,"extraterrestials are real","payton rochford"
OO,107 High School Center 6,1515,1523,CENTRAL ELKADER,265,1,"original grant","zach grant"
SMT,High School Band Room Center 7, 800, 805,DUBUQUE HEMPSTEAD,527,3,"when he sees me","michael ciesielski"
SMT,High School Band Room Center 7, 808, 813,CLAYTON RIDGE,118,1,"who id be","blake bolsinger"
SMT,High School Band Room Center 7, 816, 821,POSTVILLE,614,2,"once upon a december","sierra gonzalez"
SMT,High School Band Room Center 7, 824, 829,EAST BUCHANAN,415,1,"cant get a man with a gun","katelynn sizemore"
SMT,High School Band Room Center 7, 832, 837,WAUKON,309,2,"if i were a bell","leah riese"
SMT,High School Band Room Center 7, 840, 845,WEST DELAWARE,023,1,"divas lament","mariah seeley"
SMT,High School Band Room Center 7, 848, 853,JESUP,608,1,"on the steps of the palace","annika wall"
SMT,High School Band Room Center 7, 856, 901,STARMONT,022,2,"being alive","taygan shilhanek"
SMT,High School Band Room Center 7, 904, 909,DUBUQUE SENIOR,184,2,"","seamus foley"
SMT,"High School Band Room Center 7", 912,,BREAK,,
SMT,High School Band Room Center 7, 925, 930,UNION,308,1,"dying aint so bad","kaitlyn helgeson"
SMT,High School Band Room Center 7, 933, 938,CLAYTON RIDGE,118,2,"on my own","madison freeland"
SMT,High School Band Room Center 7, 941, 946,CLAYTON RIDGE,118,3,"there are worse things i could do","sophia berns"
SMT,High School Band Room Center 7, 949, 954,DON BOSCO,935,2,"i miss the mountains","claire thoma"
SMT,High School Band Room Center 7, 957,1002,WAUKON,309,3,"anything goes","matti pladsen"
SMT,High School Band Room Center 7,1005,1010,BECKMAN,789,1,"pretty funny","danielle besler"
SMT,High School Band Room Center 7,1013,1018,MAQUOKETA VALLEY,682,2,"daryl is a boy (and he lives in my closet)","hannah clemen"
SMT,High School Band Room Center 7,1021,1026,EDGEWOOD-COLESBURG,825,2,"im not that girl","anna dolan"
SMT,High School Band Room Center 7,1029,1034,INDEPENDENCE,035,3,"popular ","kira reed"
SMT,"High School Band Room Center 7",1037,,BREAK,,
SMT,High School Band Room Center 7,1050,1055,STARMONT,022,1,"daddys hands","ella hamlett"
SMT,High School Band Room Center 7,1058,1103,STARMONT 9TH,248,1,"memory","vanessa hamlett"
SMT,High School Band Room Center 7,1106,1111,INDEPENDENCE,035,1,"anything goes","avery nabholz"
SMT,High School Band Room Center 7,1114,1119,DON BOSCO,935,3,"chimchimcheree","zach becker"
SMT,High School Band Room Center 7,1122,1127,DUBUQUE SENIOR,184,1,"","brion bowman"
SMT,High School Band Room Center 7,1130,1135,WAUKON 9TH,860,1,"cant get a man with a gun","emily kolsrud"
SMT,High School Band Room Center 7,1138,1143,EDGEWOOD-COLESBURG,825,1,"i dreamed a dream","allison voss"
SMT,High School Band Room Center 7,1146,1151,DUBUQUE HEMPSTEAD,527,1,"a bit of earth","grant davis"
SMT,"High School Band Room Center 7",1154,,BREAK,,
SMT,High School Band Room Center 7,1245,1250,MAQUOKETA VALLEY,682,3,"funny honey","lawson roof"
SMT,High School Band Room Center 7,1253,1258,CASCADE,283,2,"dont rain on my parade","rachel smith"
SMT,High School Band Room Center 7,1301,1306,MFL MARMAC,261,1,"","walter stavroplus"
SMT,High School Band Room Center 7,1309,1314,UNION 9TH,246,1,"colors of the wind","veronica redman"
SMT,High School Band Room Center 7,1317,1322,STARMONT,022,3,"wait a bit","emily duff"
SMT,High School Band Room Center 7,1325,1330,CENTRAL ELKADER,265,1,"adelaides lament","melanie lane"
SMT,High School Band Room Center 7,1333,1338,POSTVILLE,614,1,"colors of the wind from pocahontas","kaitlen leiran"
SMT,High School Band Room Center 7,1341,1346,INDEPENDENCE,035,2,"send in the clowns","daytona greenwood"
SMT,High School Band Room Center 7,1349,1354,DUBUQUE SENIOR,184,3,"","connor ripperger"
SMT,"High School Band Room Center 7",1357,,BREAK,,
SMT,High School Band Room Center 7,1410,1415,CASCADE,283,1,"mcdermott 1","justin mcdermott"
SMT,High School Band Room Center 7,1418,1423,,
SMT,High School Band Room Center 7,1426,1431,DON BOSCO,935,1,"on my own","brianna schares"
SMT,High School Band Room Center 7,1434,1439,EAST BUCHANAN,415,2,"much more","samantha fults"
SMT,High School Band Room Center 7,1442,1447,MAQUOKETA VALLEY,682,1,"kindergarten love song","taylor guthrie"
SMT,High School Band Room Center 7,1450,1455,DUBUQUE HEMPSTEAD,527,2,"in short","kennedy keil"
SMT,High School Band Room Center 7,1458,1503,DUBUQUE WAHLERT,446,1,"theres a sucker born every minute","aidan mcsperrin"
SMT,High School Band Room Center 7,1506,1511,WAUKON,309,1,"kindergarten boyfriend","alexis bahr"
PA,302 Middle School Center 8, 800, 808,INDEPENDENCE,035,2,"looks arent everything","elizabeth kurt"
PA,302 Middle School Center 8, 810, 818,STARMONT,022,2,"tpowell","tom powell"
PA,302 Middle School Center 8, 820, 828,WEST DELAWARE,023,2,"female ambition","isabelle breitfelder"
PA,302 Middle School Center 8, 830, 838,DUBUQUE SENIOR,184,2,"","caroline brondyke"
PA,302 Middle School Center 8, 840, 848,MAQUOKETA VALLEY,682,2,"robin roberts espy speech","sienna becker"
PA,302 Middle School Center 8, 850, 858,UNION,308,1,"sermon on the mount","isabelle werner"
PA,302 Middle School Center 8, 900, 908,WEST DELAWARE 9TH,183,3,"the key to success? grit","justin grawe"
PA,"302 Middle School Center 8", 910,,BREAK,,
PA,302 Middle School Center 8, 920, 928,CLAYTON RIDGE,118,1,"the great dictator","jesse coughlin"
PA,302 Middle School Center 8, 930, 938,MAQUOKETA VALLEY,682,1,"free speech at my brothers funeral","cassiddy wilson"
PA,302 Middle School Center 8, 940, 948,WEST DELAWARE 9TH,183,2,"somewhere in america","hope straley"
PA,302 Middle School Center 8, 950, 958,STARMONT,022,3,"pgoedken","paige goedken"
PA,302 Middle School Center 8,1000,1008,UNION,308,3,"a whisper of aids","sophie selk"
PA,302 Middle School Center 8,1010,1018,WEST DELAWARE 9TH,183,1,"opitz public address","ethan opitz"
PA,302 Middle School Center 8,1020,1028,INDEPENDENCE,035,3,"why i hate school but love education","lizzie lake"
PA,"302 Middle School Center 8",1030,,BREAK,,
PA,302 Middle School Center 8,1245,1253,DUBUQUE HEMPSTEAD,527,1,"what kindergarteners taught me about gender","marcy anderson"
PA,302 Middle School Center 8,1255,1303,WEST DELAWARE,023,1,"get a life","callie spray"
PA,302 Middle School Center 8,1305,1313,MAQUOKETA VALLEY 9TH,838,1,"every kid needs a champion","brooke wilson"
PA,302 Middle School Center 8,1315,1323,UNION,308,2,"on the pulse of the morning","maryam umar"
PA,302 Middle School Center 8,1325,1333,DUBUQUE SENIOR,184,1,"","andrew baur schoer"
PA,302 Middle School Center 8,1335,1343,STARMONT,022,1,"thogan","tyson hogan"
PA,302 Middle School Center 8,1345,1353,WAUKON 9TH,860,1,"liddiard pa","sean liddiard"
PA,"302 Middle School Center 8",1355,,BREAK,,
PA,302 Middle School Center 8,1405,1413,DUBUQUE SENIOR,184,3,"","chyan decker"
PA,302 Middle School Center 8,1415,1423,EDGEWOOD-COLESBURG,825,1,"2015 keynote from starfish foundation","mallory zieser"
PA,302 Middle School Center 8,1425,1433,WEST DELAWARE,023,3,"inaugural address","jordan million"
PA,302 Middle School Center 8,1435,1443,INDEPENDENCE,035,1,"j.k. rowling commencement","catherine lake"
PA,302 Middle School Center 8,1445,1453,MAQUOKETA VALLEY 9TH,838,2,"jim valvanos espy speech","faith hunt"
PA,302 Middle School Center 8,1455,1503,WAUKON,309,1,"graduation speech","zach troendle"
PA,302 Middle School Center 8,1505,1513,MAQUOKETA VALLEY,682,3,"ciatlyn jenners espy speech","laisee shakespeare"
PA,"302 Middle School Center 8",1515,,BREAK,,
PR,302 Middle School Center 8,1040,1046,WEST DELAWARE 9TH,183,3,"the fun-filled family vacation","rebecca cole"
PR,302 Middle School Center 8,1049,1055,WEST DELAWARE,023,2,"you should date an illiterate girl","jacob gasper"
PR,302 Middle School Center 8,1058,1104,STARMONT,022,3,"wgould","weslee gould"
PR,302 Middle School Center 8,1107,1113,UNION,308,1,"grandpas hands","hallie spore"
PR,302 Middle School Center 8,1116,1122,CASCADE,283,1,"lobdell 2","danejia lobdell"
PR,302 Middle School Center 8,1125,1131,INDEPENDENCE,035,1,"the salt and pepper diner","adam goedken"
PR,302 Middle School Center 8,1134,1140,WESTERN DUBUQUE,652,1,"bringing up parents the okay way","haley macinerney"
PR,"302 Middle School Center 8",1143,,BREAK,,
PR,302 Middle School Center 8,1525,1531,MAQUOKETA VALLEY,682,3,"the thing about goldfish","nichole winter"
PR,302 Middle School Center 8,1534,1540,DUBUQUE SENIOR,184,3,"","lauren winter"
PR,302 Middle School Center 8,1543,1549,WAUKON,309,2,"tell tale heart","dolan jones"
PR,302 Middle School Center 8,1552,1558,DUBUQUE HEMPSTEAD,527,1,"my calling","brent krantz"
PR,302 Middle School Center 8,1601,1607,UNION,308,2,"accents, inc.","kyle schulz"
PR,302 Middle School Center 8,1610,1616,Dubuque Senior 9th,814,2,"","griffin koehler"
PR,302 Middle School Center 8,1619,1625,MAQUOKETA VALLEY 9TH,838,2,"beauty and the beast","kelly winter"
PR,302 Middle School Center 8,1627,1633,EDGEWOOD-COLESBURG,825,2,"most embarassing moment","hayle pillard"
PR,203 Middle School Center 11, 800, 806,DUBUQUE SENIOR,184,1,"","chyan decker"
PR,203 Middle School Center 11, 809, 815,CASCADE,283,2,"excerpt from marley and me","darby callahan"
PR,203 Middle School Center 11, 818, 824,CLAYTON RIDGE,118,1,"good ol days","amanda hansel"
PR,203 Middle School Center 11, 827, 833,MAQUOKETA VALLEY,682,2,"the dance","adrianne supple"
PR,203 Middle School Center 11, 836, 842,DON BOSCO,935,3,"orientation","lauren weber"
PR,203 Middle School Center 11, 845, 851,STARMONT,022,2,"chamlett","cynthia hamlett"
PR,203 Middle School Center 11, 854, 900,KEE,272,1,"breaking up with tyler","cheldyn stanley"
PR,203 Middle School Center 11, 903, 909,INDEPENDENCE,035,3,"how could you","jenna shonk"
PR,"203 Middle School Center 11", 912,,BREAK,,
PR,203 Middle School Center 11, 925, 931,WESTERN DUBUQUE,652,2,"the petting zoo","becca wolfe"
PR,203 Middle School Center 11, 934, 940,EDGEWOOD-COLESBURG,825,3,"cut","taylor bockenstedt"
PR,203 Middle School Center 11, 943, 949,BECKMAN,789,2,"story of three brothers","trinity helle"
PR,203 Middle School Center 11, 952, 958,JESUP,608,3,"coming out straight ","tanner moran"
PR,203 Middle School Center 11,1001,1007,WEST DELAWARE,023,1,"theres a man in the woods","christian schnieders"
PR,203 Middle School Center 11,1010,1016,DON BOSCO,935,1,"corkery prose","alyssa corkery"
PR,203 Middle School Center 11,1019,1025,WEST DELAWARE 9TH,183,1,"the day dad made toast","grace reiss"
PR,203 Middle School Center 11,1028,1034,CASCADE,283,3,"crazy","stephanie peiffer"
PR,"203 Middle School Center 11",1037,,BREAK,,
PR,203 Middle School Center 11,1050,1056,DON BOSCO,935,2,"shatter me","caroline strauel"
PR,203 Middle School Center 11,1058,1104,MAQUOKETA VALLEY 9TH,838,1,"my mouth is a volcano","blake becker"
PR,203 Middle School Center 11,1107,1113,MAQUOKETA VALLEY,682,1,"the curvy tree","megan mensen"
PR,203 Middle School Center 11,1116,1122,Dubuque Senior 9th,814,3,"","joel salwolke"
PR,203 Middle School Center 11,1125,1131,WEST DELAWARE,023,3,"the boy who danced ballet","katie scovel"
PR,203 Middle School Center 11,1134,1140,JESUP,608,1,"shatter me","annika wall"
PR,203 Middle School Center 11,1143,1149,INDEPENDENCE,035,2,"fallout","alyssa jensen"
PR,"203 Middle School Center 11",1152,,BREAK,,
PR,203 Middle School Center 11,1250,1256,MAQUOKETA VALLEY 9TH,838,3,"too much glue","sam wall"
PR,203 Middle School Center 11,1259,1305,UNION,308,3,"rosie, the teddy bear","payton sash"
PR,203 Middle School Center 11,1308,1314,JESUP,608,2,"to this day","danielle finley"
PR,203 Middle School Center 11,1317,1323,KEE,272,2,"ill be looking for you, ace","annika stahl"
PR,203 Middle School Center 11,1326,1332,WAUKON,309,3,"handsome and gruesome","matt hoins"
PR,203 Middle School Center 11,1335,1341,CENTRAL ELKADER,265,1,"to kill a mockingbird","zach grant"
PR,203 Middle School Center 11,1344,1350,STARMONT,022,1,"mswanson","meg swanson"
PR,203 Middle School Center 11,1353,1359,WESTERN DUBUQUE,652,3,"to kill a mockingbird","niki weber"
PR,"203 Middle School Center 11",1402,,BREAK,,
PR,203 Middle School Center 11,1415,1421,DUBUQUE SENIOR,184,2,"","james riley"
PR,203 Middle School Center 11,1424,1430,EDGEWOOD-COLESBURG,825,1,"unbaked yeast rolls","ashley clinton"
PR,203 Middle School Center 11,1433,1439,Dubuque Senior 9th,814,1,"","adi canganelli"
PR,203 Middle School Center 11,1442,1448,MFL MARMAC,261,1,"","sierra wiebensohn"
PR,203 Middle School Center 11,1451,1457,KEE,272,3,"clauson prose","jake clauson"
PR,203 Middle School Center 11,1500,1506,WEST DELAWARE 9TH,183,2,"dear poisoner","parker ostrander"
PR,203 Middle School Center 11,1509,1515,BECKMAN,789,1,"girls dont owe you","danielle goedken"
PR,203 Middle School Center 11,1518,1524,WAUKON,309,1,"dear son","aaron sherman"
IMP,309 Middle School Center 9, 800, 808,CASCADE,283,1,"","liam curoe"
IMP,309 Middle School Center 9, 810, 818,UNION,308,3,"","wes hanson"
IMP,309 Middle School Center 9, 820, 828,Dubuque Senior 9th,814,1,"","peyton decker"
IMP,309 Middle School Center 9, 830, 838,INDEPENDENCE,035,1,"","josie fischels"
IMP,309 Middle School Center 9, 840, 848,CENTRAL ELKADER,265,1,"","jeran cook"
IMP,309 Middle School Center 9, 850, 858,WEST DELAWARE,023,1,"","gage gassmann"
IMP,309 Middle School Center 9, 900, 908,WESTERN DUBUQUE,652,1,"","nathan maiers"
IMP,"309 Middle School Center 9", 910,,BREAK,,
IMP,309 Middle School Center 9, 920, 928,DUBUQUE SENIOR,184,1,"","kai biehl"
IMP,309 Middle School Center 9, 930, 938,JESUP,608,1,"","brian friedly"
IMP,309 Middle School Center 9, 940, 948,WESTERN DUBUQUE,652,3,"","jenna errthum"
IMP,309 Middle School Center 9, 950, 958,WEST DELAWARE 9TH,183,1,"","olivia neuzil"
IMP,309 Middle School Center 9,1000,1008,CLAYTON RIDGE,118,1,"","jesse coughlin"
IMP,309 Middle School Center 9,1010,1018,INDEPENDENCE,035,2,"","noreasa higgins"
IMP,309 Middle School Center 9,1020,1028,MAQUOKETA VALLEY,682,3,"","megan mcnamara"
IMP,"309 Middle School Center 9",1030,,BREAK,,
IMP,309 Middle School Center 9,1040,1048,WEST DELAWARE,023,3,"","matt mcmahon"
IMP,309 Middle School Center 9,1050,1058,UNION,308,2,"","tucker thomsen"
IMP,309 Middle School Center 9,1100,1108,EAST BUCHANAN,415,1,"","randy snyder"
IMP,309 Middle School Center 9,1110,1118,WAUKON,309,1,"","kameron klinge"
IMP,309 Middle School Center 9,1120,1128,STARMONT,022,1,"","alex pope"
IMP,309 Middle School Center 9,1130,1138,KEE,272,3,"","jake clauson"
IMP,"309 Middle School Center 9",1140,,BREAK,,
IMP,309 Middle School Center 9,1240,1248,STARMONT,022,3,"","audry goedken"
IMP,309 Middle School Center 9,1250,1258,POSTVILLE,614,2,"","justin hileman"
IMP,309 Middle School Center 9,1300,1308,KEE,272,2,"","tom martin"
IMP,309 Middle School Center 9,1310,1318,DUBUQUE HEMPSTEAD,527,2,"","sam helmke"
IMP,309 Middle School Center 9,1320,1328,Dubuque Senior 9th,814,2,"","logan wersinger"
IMP,309 Middle School Center 9,1330,1338,BECKMAN,789,1,"","matthew pfab"
IMP,309 Middle School Center 9,1340,1348,DUBUQUE SENIOR,184,3,"","mike grant"
IMP,"309 Middle School Center 9",1350,,BREAK,,
IMP,309 Middle School Center 9,1400,1408,MAQUOKETA VALLEY,682,1,"","alex mccusker"
IMP,309 Middle School Center 9,1410,1418,WESTERN DUBUQUE,652,2,"","elinor johll"
IMP,309 Middle School Center 9,1420,1428,STARMONT,022,2,"","quinn o'brien"
IMP,309 Middle School Center 9,1430,1438,DUBUQUE HEMPSTEAD,527,3,"","verrick foust"
IMP,309 Middle School Center 9,1440,1448,POSTVILLE,614,1,"","jennifer bernal"
IMP,309 Middle School Center 9,1450,1458,DUBUQUE SENIOR,184,2,"","noah lucy"
IMP,309 Middle School Center 9,1500,1508,CASCADE,283,2,"","marcella bruns"
IMP,309 Middle School Center 9,1510,1518,DON BOSCO,935,1,"","sean mcfadden"
IMP,"309 Middle School Center 9",1520,,BREAK,,
IMP,309 Middle School Center 9,1530,1538,DUBUQUE HEMPSTEAD,527,1,"","connor grassel"
IMP,309 Middle School Center 9,1540,1548,CENTRAL ELKADER,265,2,"","justin deshaw"
IMP,309 Middle School Center 9,1550,1558,KEE,272,1,"","ethan walleser"
IMP,309 Middle School Center 9,1600,1608,INDEPENDENCE,035,3,"","will whited"
IMP,309 Middle School Center 9,1610,1618,UNION,308,1,"","truman thomsen"
IMP,309 Middle School Center 9,1620,1628,MFL MARMAC,261,1,"","james slama"
IMP,309 Middle School Center 9,1630,1638,WEST DELAWARE,023,2,"","kyle curley"
IMP,309 Middle School Center 9,1640,1648,MAQUOKETA VALLEY,682,2,"","tamala askeland"
IMP,309 Middle School Center 9,1650,1658,DUBUQUE WAHLERT,446,1,"","rachel hefel"
LP,210 Middle School Center 13, 800, 808,WESTERN DUBUQUE,652,2,"the little red shovel","emily boge"
LP,210 Middle School Center 13, 810, 818,STARMONT,022,2,"cwillie","chloe willie"
LP,210 Middle School Center 13, 820, 828,EDGEWOOD-COLESBURG,825,1,"be yourself","cassi ries"
LP,210 Middle School Center 13, 830, 838,BECKMAN,789,1,"mental illness","samantha otto"
LP,210 Middle School Center 13, 840, 848,MAQUOKETA VALLEY 9TH,838,1,"the essence of a woman","hannah lahr"
LP,210 Middle School Center 13, 850, 858,WAUKON,309,1,"high school can be tough","courtney hansen"
LP,210 Middle School Center 13, 900, 908,WEST DELAWARE,023,2,"political correctness","kara hawker"
LP,"210 Middle School Center 13", 910,,BREAK,,
LP,210 Middle School Center 13, 920, 928,WEST DELAWARE,023,3,"perceptions of death","rachel haight"
LP,210 Middle School Center 13, 930, 938,KEE,272,1,"sisters/moms expecting","makayla manning"
LP,210 Middle School Center 13, 940, 948,MAQUOKETA VALLEY 9TH,838,3,"timm mv lit. program","shana timm"
LP,210 Middle School Center 13, 950, 958,WEST DELAWARE 9TH,183,2,"acceptance","sarah weber"
LP,210 Middle School Center 13,1000,1008,EDGEWOOD-COLESBURG,825,3,"shoes","hope mather"
LP,210 Middle School Center 13,1010,1018,DUBUQUE SENIOR,184,2,"","emma tonn"
LP,210 Middle School Center 13,1020,1028,WAUKON,309,3,"griffith lp","katelyn griffith"
LP,"210 Middle School Center 13",1030,,BREAK,,
LP,210 Middle School Center 13,1040,1048,EDGEWOOD-COLESBURG,825,2,"to the edge and back","erica voss"
LP,210 Middle School Center 13,1050,1058,INDEPENDENCE,035,2,"i went to a party mom ","elizabeth kurt"
LP,210 Middle School Center 13,1100,1108,WAUKON,309,2,"romeo, o romeo","erika johnson"
LP,210 Middle School Center 13,1110,1118,WESTERN DUBUQUE,652,1,"the ride","niki weber"
LP,210 Middle School Center 13,1120,1128,MAQUOKETA VALLEY,682,2,"love","mac callan"
LP,210 Middle School Center 13,1130,1138,UNION,308,2,"coming out","dana wigg"
LP,"210 Middle School Center 13",1140,,BREAK,,
LP,210 Middle School Center 13,1240,1248,KEE,272,3,"the fake friend","cheldyn stanley"
LP,210 Middle School Center 13,1250,1258,WEST DELAWARE 9TH,183,1,"second chances","annika sutter"
LP,210 Middle School Center 13,1300,1308,CASCADE,283,3,"finding your identity:  grace and identity","marcella bruns"
LP,210 Middle School Center 13,1310,1318,STARMONT 9TH,248,1,"","izzy johanns"
LP,210 Middle School Center 13,1320,1328,INDEPENDENCE,035,3,"diary of young girl/never saw another butterfly","grace bertelli"
LP,210 Middle School Center 13,1330,1338,MAQUOKETA VALLEY 9TH,838,2,"wave the white flag","kristin lucas"
LP,210 Middle School Center 13,1340,1348,MAQUOKETA VALLEY,682,3,"suicide","dani schuman"
LP,"210 Middle School Center 13",1350,,BREAK,,
LP,210 Middle School Center 13,1400,1408,CASCADE,283,2,"weber 1","macie weber"
LP,210 Middle School Center 13,1410,1418,Dubuque Senior 9th,814,1,"","kathryn burns"
LP,210 Middle School Center 13,1420,1428,UNION,308,1,"child abuse","bobbie hilmer"
LP,210 Middle School Center 13,1430,1438,STARMONT,022,1,"atucker","allie tucker"
LP,210 Middle School Center 13,1440,1448,DUBUQUE SENIOR,184,3,"","katina zentz"
LP,210 Middle School Center 13,1450,1458,MAQUOKETA VALLEY,682,1,"compassion","bekah hill"
LP,210 Middle School Center 13,1500,1508,KEE,272,2,"eternal light","annika stahl"
LP,"210 Middle School Center 13",1510,,BREAK,,
LP,210 Middle School Center 13,1520,1528,CASCADE,283,1,"holmes 1","carter holmes"
LP,210 Middle School Center 13,1530,1538,MFL MARMAC,261,1,"","dakota weaver"
LP,210 Middle School Center 13,1540,1548,WEST DELAWARE,023,1,"avoiding death","bryonna rodgers"
LP,210 Middle School Center 13,1550,1558,INDEPENDENCE,035,1,"high flight","adam goedken"
LP,210 Middle School Center 13,1600,1608,DON BOSCO,935,1,"schares lit program","brianna schares"
LP,210 Middle School Center 13,1610,1618,UNION,308,3,"lies","liz wilson"
LP,210 Middle School Center 13,1620,1628,WESTERN DUBUQUE,652,3,"drunk driving","lauren krapfl"
LP,210 Middle School Center 13,1630,1638,DUBUQUE SENIOR,184,1,"","elli decker"
LP,210 Middle School Center 13,1640,1648,POSTVILLE,614,1,"the freedom writers diary","leslie claustro"
