Category,Room/Center,Start,End,School,Code,Entry#,EntryTitle,Students
ACT,Band Room Center A, 800, 808,WESTERN CHRISTIAN,720,3,"Drivers Test is a Piece of Cake","Karissa Walhof"
ACT,Band Room Center A, 810, 818,AKRON-WESTFIELD 9TH,782,1,"The Problem with Girls","Jack Anderson"
ACT,Band Room Center A, 820, 828,SIOUX CITY EAST,457,3,"","Nathan Kitrell"
ACT,Band Room Center A, 830, 838,CENTRAL LYON,504,2,"I Woke Up In a Dream","Michael Austin Thomas III"
ACT,Band Room Center A, 840, 848,LEMARS GEHLEN,690,1,"Tribute","Kathryn Ripley"
ACT,Band Room Center A, 850, 858,LE MARS 9TH,122,1,"As Seen on TV","Drake Oswald"
ACT,Band Room Center A, 900, 908,GEORGE-LITTLE ROCK,583,1,"Eriks Acting","Erik Vander Laan"
ACT,Band Room Center A, 910, 918,LE MARS COMMUNITY,408,3,"The Serpents Tale","Megan Connor"
ACT,"Band Room Center A", 920,,BREAK,,
ACT,Band Room Center A, 940, 948,LE MARS 9TH,122,2,"","Emily Martin"
ACT,Band Room Center A, 950, 958,AKRON-WESTFIELD,603,4,"Beauty Sleep","McKenna Kutz"
ACT,Band Room Center A,1000,1008,,
ACT,Band Room Center A,1010,1018,GEORGE-LITTLE ROCK,583,3,"Sarahs Keys","Jillian De Boer"
ACT,Band Room Center A,1020,1028,WESTERN CHRISTIAN,720,2,"TBA","Hannah Johnson"
ACT,Band Room Center A,1030,1038,SERGEANT BLUFF-LUTON,733,2,"","Ali Gaul"
ACT,Band Room Center A,1040,1048,LE MARS COMMUNITY,408,1,"","Andrea Barrett"
ACT,Band Room Center A,1050,1058,MOC-FLOYD VALLEY,112,3,"","Auggie Hubbard"
ACT,"Band Room Center A",1100,,BREAK,,
ACT,Band Room Center A,1210,1218,SIOUX CENTER,483,1,"Life Doesnt Wait","Estephany Segoviano"
ACT,Band Room Center A,1220,1228,WEST LYON,343,2,"TBD ACT 2","Katrina Gilbertson"
ACT,Band Room Center A,1230,1238,ROCK VALLEY,851,1,"Multiple Personality Murder","Elise O'Regan"
ACT,Band Room Center A,1240,1248,BOYDEN-HULL,518,2,"The Trouble with Guys","Meghan Kerr"
ACT,Band Room Center A,1250,1258,BOYDEN-HULL 9TH,771,2,"Opening Tonight, Mother Goose","Keegan Wielenga"
ACT,Band Room Center A,1300,1308,SERGEANT BLUFF-LUTON,733,3,"","Annabel Dirksen"
ACT,Band Room Center A,1310,1318,GEORGE-LITTLE ROCK,583,4,"Men Are Stupid and I Rock!","Karissa Harms"
ACT,Band Room Center A,1320,1328,Sioux City East 9th,574,2,"Skinny Bones ","Tony Thall"
ACT,"Band Room Center A",1330,,BREAK,,
ACT,Band Room Center A,1350,1358,WEST SIOUX,178,1,"Bald and Beautiful","Courtney Zwart"
ACT,Band Room Center A,1400,1408,MOC-FLOYD VALLEY,112,2,"","Regan Rowenhorst"
ACT,Band Room Center A,1410,1418,WEST LYON,343,1,"The Brothers Grimm Spectaculathon","Chaydon Metzger"
ACT,Band Room Center A,1420,1428,WESTERN CHRISTIAN,720,1,"Insanity","Emma Koele"
ACT,Band Room Center A,1430,1438,SIBLEY-OCHEYEDAN,295,1,"TBA","Allie Van Tilburg"
ACT,Band Room Center A,1440,1448,LE MARS COMMUNITY,408,2,"The Big Picture","Diana Loutsch"
ACT,Band Room Center A,1450,1458,SERGEANT BLUFF-LUTON,733,1,"","Alexys Baier"
ACT,Band Room Center A,1500,1508,SIOUX CITY EAST,457,2,"Marilyn Monroe the Last Interview","Mikendra Lynn"
ACT,Early Childhood Pod Center K, 800, 808,ROCK VALLEY 9TH,126,1,"For Who the Bell, Like, Tolls ","Lizzy Blum"
ACT,Early Childhood Pod Center K, 810, 818,Sioux City East 9th,574,1,"The Future is so Bright","Harley Thibodeau"
ACT,Early Childhood Pod Center K, 820, 828,SERGEANT BLUFF-LUTON,733,5,"","Nick Lennon"
ACT,Early Childhood Pod Center K, 830, 838,AKRON-WESTFIELD,603,3,"Breaking Up Texting Style","Laken Mullinix"
ACT,Early Childhood Pod Center K, 840, 848,ROCK VALLEY,851,3,"A Mothers Touch","Mackenzie Penning"
ACT,Early Childhood Pod Center K, 850, 858,WEST LYON,343,3,"Soliloquies from Hamlet","Kira Immeker"
ACT,Early Childhood Pod Center K, 900, 908,GEORGE-LITTLE ROCK,583,2,"Starrs Acting","Jacob Starr"
ACT,"Early Childhood Pod Center K", 910,,BREAK,,
ACT,Early Childhood Pod Center K, 920, 928,AKRON-WESTFIELD,603,2,"White People","Charlie Anderson"
ACT,Early Childhood Pod Center K, 930, 938,LEMARS GEHLEN,690,2,"Charge up Yard Sale Hill","Malayna Hanks"
ACT,Early Childhood Pod Center K, 940, 948,LE MARS 9TH,122,3,"","Katelyn McShane"
ACT,Early Childhood Pod Center K, 950, 958,BOYDEN-HULL,518,3,"Sun Dazed","Skyler Rutledge"
ACT,Early Childhood Pod Center K,1000,1008,SIOUX CITY EAST,457,1,"Red Hot Patriot","Brittany Todd"
ACT,Early Childhood Pod Center K,1010,1018,CENTRAL LYON,504,1,"The Plum Colored Sweater","Karlee Bos"
ACT,Early Childhood Pod Center K,1020,1028,SIBLEY-OCHEYEDAN,295,3,"Hamlet","Ryan Nasers"
ACT,"Early Childhood Pod Center K",1030,,BREAK,,
ACT,Early Childhood Pod Center K,1040,1048,SIBLEY-OCHEYEDAN,295,2,"TBA","Kaleb Helmers"
ACT,Early Childhood Pod Center K,1050,1058,MOC-FLOYD VALLEY,112,1,"","Kaitlin Husa"
ACT,Early Childhood Pod Center K,1100,1108,SERGEANT BLUFF-LUTON,733,4,"","Hailee Lafrentz"
ACT,Early Childhood Pod Center K,1110,1118,BOYDEN-HULL,518,1,"Vacate","Logan Brunsting"
ACT,Early Childhood Pod Center K,1120,1128,ROCK VALLEY,851,2,"Amanda","Kassie Johnson"
ACT,Early Childhood Pod Center K,1130,1138,AKRON-WESTFIELD,603,1,"Fat Boy vs. the Cheerleaders","Cameron Wahlberg"
ACT,Early Childhood Pod Center K,1140,1148,BOYDEN-HULL 9TH,771,1,"Super Sitter","Jackie Hernandez"
ACT,"Early Childhood Pod Center K",1150,,BREAK,,
EA,J105 Metzger Center B, 800, 806,MOC-FLOYD VALLEY,112,2,"","Tailor Goergen"
EA,J105 Metzger Center B, 810, 816,GEORGE-LITTLE ROCK,583,1,"The Lost Satchel","Abby Vander Laan"
EA,J105 Metzger Center B, 820, 826,LE MARS COMMUNITY,408,1,"Screenprinting 101","Annie Carver"
EA,J105 Metzger Center B, 830, 836,SIBLEY-OCHEYEDAN,295,2,"TBA","Dreycen Foiles"
EA,J105 Metzger Center B, 840, 846,SIOUX CITY EAST,457,2,"Bees","Nichole Evans"
EA,J105 Metzger Center B, 850, 856,SIOUX CENTER,483,1,"Apollo 13","Emily Deinken"
EA,J105 Metzger Center B, 900, 906,WEST LYON,343,1,"Honeybees","Carsen Ullrich"
EA,"J105 Metzger Center B", 910,,BREAK,,
EA,J105 Metzger Center B, 920, 926,,
EA,J105 Metzger Center B, 930, 936,LE MARS COMMUNITY,408,3,"","Kelli Susemihl"
EA,J105 Metzger Center B, 940, 946,SIOUX CITY EAST,457,3,"Stop Being Fake","Olivia Tidwell"
EA,J105 Metzger Center B, 950, 956,WEST LYON,343,3,"TBD EXP3","Tate Blankespoor"
EA,J105 Metzger Center B,1000,1006,SIBLEY-OCHEYEDAN,295,3,"Time After Time","Joshua Nobles"
EA,J105 Metzger Center B,1010,1016,MOC-FLOYD VALLEY,112,1,"","Cari Klein"
EA,J105 Metzger Center B,1020,1026,GEORGE-LITTLE ROCK,583,3,"Rebeccas Expository","Rebecca Krull"
EA,"J105 Metzger Center B",1030,,BREAK,,
EA,J105 Metzger Center B,1050,1056,GEORGE-LITTLE ROCK,583,2,"The Fascinating World of Fasteners","Jill Nachtigal"
EA,J105 Metzger Center B,1100,1106,SIBLEY-OCHEYEDAN,295,1,"TBA","Alex McDougall"
EA,J105 Metzger Center B,1110,1116,WEST SIOUX 9TH,469,1,"Hunger Across America:  What We Need to do About It","Maria Rubio"
EA,J105 Metzger Center B,1120,1126,WEST LYON,343,2,"GMOs","Isabelle Warner"
EA,J105 Metzger Center B,1130,1136,SIOUX CITY EAST,457,1,"Stressed Out","Austin Clayton"
EA,J105 Metzger Center B,1140,1146,LE MARS COMMUNITY,408,2,"FFA","Claire Ohlrichs"
EA,J105 Metzger Center B,1150,1156,LE MARS 9TH,122,1,"","Chloe Calhoun"
EA,"J105 Metzger Center B",1200,,BREAK,,
RV,J105 Metzger Center B,1310,1318,,
RV,J105 Metzger Center B,1320,1328,WEST LYON,343,2,"Fantastic Beasts and Where to Find Them","Darren Blauwet"
RV,J105 Metzger Center B,1330,1338,LE MARS COMMUNITY,408,3,"","Cameron Albus"
RV,J105 Metzger Center B,1340,1348,SIBLEY-OCHEYEDAN,295,2,"LA LA Land","Tanner Dykstra"
RV,J105 Metzger Center B,1350,1358,GEORGE-LITTLE ROCK,583,2,"Nicks Review","Nick Hengeveld"
RV,J105 Metzger Center B,1400,1408,,
RV,J105 Metzger Center B,1410,1418,BOYDEN-HULL,518,1,"Merlin","Alex Heikes"
RV,J105 Metzger Center B,1420,1428,SIOUX CITY EAST,457,1,"","Katt Ortiz"
RV,"J105 Metzger Center B",1430,,BREAK,,
RV,A. Johnson Center N, 800, 808,SIBLEY-OCHEYEDAN,295,1,"TBA","Alex McDougall"
RV,A. Johnson Center N, 810, 818,LE MARS COMMUNITY,408,2,"","Noah Watson"
RV,A. Johnson Center N, 820, 828,SIOUX CITY EAST,457,2,"The Sour Truth","Nick Kelly"
RV,A. Johnson Center N, 830, 838,SIOUX CENTER,483,1,"Sharknado","Lucas Boyer"
RV,A. Johnson Center N, 840, 848,,
RV,A. Johnson Center N, 850, 858,WEST LYON,343,1,"Darkest Minds","Caitlin Harkness"
RV,"A. Johnson Center N", 900,,BREAK,,
RV,A. Johnson Center N, 910, 918,SIOUX CENTER,483,2,"Field Notes from a Catastrophe","Tara Kortlever"
RV,A. Johnson Center N, 920, 928,LE MARS COMMUNITY,408,1,"Challenger Deep","Kajsa Hallberg"
RV,A. Johnson Center N, 930, 938,SIOUX CITY EAST,457,3,"","Vanessa Perez"
RV,A. Johnson Center N, 940, 948,GEORGE-LITTLE ROCK,583,1,"Sherlock","Alicia Bonestroo"
RV,A. Johnson Center N, 950, 958,MOC-FLOYD VALLEY,112,1,"","Heather Gabel"
RV,A. Johnson Center N,1000,1008,WEST LYON,343,3,"Rogue One: The Dark (or Light?) Side of the Box Office","Kira Spaans"
RV,"A. Johnson Center N",1010,,BREAK,,
PA,F117 Ripperda Center C, 800, 808,AKRON-WESTFIELD,603,2,"What You Could Do If You Didnt Know You Couldnt","Mason Mackey"
PA,F117 Ripperda Center C, 810, 818,ROCK VALLEY 9TH,126,1,"Youre Not Special","Makenzie Boersma"
PA,F117 Ripperda Center C, 820, 828,SIOUX CITY EAST,457,2,"","Jenna Angerman"
PA,F117 Ripperda Center C, 830, 838,MOC-FLOYD VALLEY,112,3,"","Shonna Ritz"
PA,F117 Ripperda Center C, 840, 848,ROCK VALLEY,851,1,"Impose Your Will","Sammy Blum"
PA,F117 Ripperda Center C, 850, 858,WEST SIOUX,178,1,"Climate Change","Camyron Ballard"
PA,F117 Ripperda Center C, 900, 908,GEORGE-LITTLE ROCK,583,3,"Omeletos Regrets","Seth Vander Laan"
PA,F117 Ripperda Center C, 910, 918,WEST SIOUX 9TH,469,1,"HeForShe","Maci Fuller"
PA,"F117 Ripperda Center C", 920,,BREAK,,
PA,F117 Ripperda Center C, 940, 948,MOC-FLOYD VALLEY,112,1,"","Gabby Davis"
PA,F117 Ripperda Center C, 950, 958,GEORGE-LITTLE ROCK,583,1,"Reagans Farewell Address","Abby Vander Laan"
PA,F117 Ripperda Center C,1000,1008,WEST LYON,343,3,"TBD PA3","Levi Metzger"
PA,F117 Ripperda Center C,1010,1018,WESTERN CHRISTIAN,720,2,"What Makes a Good Life?","Halle Andringa"
PA,F117 Ripperda Center C,1020,1028,BOYDEN-HULL,518,1,"Remarks by the President to the Clinton...","Autumn VanDerBrink"
PA,F117 Ripperda Center C,1030,1038,LE MARS COMMUNITY,408,3,"","Olivia McQuillen"
PA,F117 Ripperda Center C,1040,1048,SIOUX CITY EAST,457,1,"Its a More Beautiful Later","Emily Miranda"
PA,"F117 Ripperda Center C",1050,,BREAK,,
PA,F117 Ripperda Center C,1200,1208,AKRON-WESTFIELD,603,1,"Standford Commencement Speech","Eric Cottrell"
PA,F117 Ripperda Center C,1210,1218,,
PA,F117 Ripperda Center C,1220,1228,MOC-FLOYD VALLEY,112,2,"","Molly Van Klompenburg"
PA,F117 Ripperda Center C,1230,1238,LE MARS COMMUNITY,408,2,"","Landen Parmelee"
PA,F117 Ripperda Center C,1240,1248,WEST LYON,343,2,"Strength and Dignity","Kris Williams"
PA,F117 Ripperda Center C,1250,1258,WESTERN CHRISTIAN,720,3,"Untalented","Seth Hoekstra"
PA,F117 Ripperda Center C,1300,1308,,
PA,"F117 Ripperda Center C",1310,,BREAK,,
PA,F117 Ripperda Center C,1330,1338,,
PA,F117 Ripperda Center C,1340,1348,GEORGE-LITTLE ROCK,583,2,"Dirks Public Address","Dhalten Dirks"
PA,F117 Ripperda Center C,1350,1358,WEST LYON,343,1,"Sincere Meditations","Jacee DeVries"
PA,F117 Ripperda Center C,1400,1408,BOYDEN-HULL,518,2,"We Train Soldiers for War...","Tatum Willer"
PA,F117 Ripperda Center C,1410,1418,WESTERN CHRISTIAN,720,1,"Who You Are","Brooklyn VanOort"
PA,F117 Ripperda Center C,1420,1428,SIOUX CITY EAST,457,3,"","Noah Engle Carte"
PA,F117 Ripperda Center C,1430,1438,LE MARS 9TH,122,1,"Let Us Commence","Chloe Calhoun"
PA,F117 Ripperda Center C,1440,1448,SIBLEY-OCHEYEDAN,295,1,"TBA","Kailey Schmidt"
PA,F117 Ripperda Center C,1450,1458,LE MARS COMMUNITY,408,1,"Commencement Address","Jack Loutsch"
RN,Rockhill Center D (Draw across hall in Rentschler 30 min. prior), 800, 805,SIOUX CITY EAST,457,1,"","David Suhr"
RN,Rockhill Center D (Draw across hall in Rentschler 30 min. prior), 809, 814,BOYDEN-HULL,518,3,"","Sara Koster"
RN,Rockhill Center D (Draw across hall in Rentschler 30 min. prior), 818, 823,GEORGE-LITTLE ROCK,583,3,"","Nick Hengeveld"
RN,Rockhill Center D (Draw across hall in Rentschler 30 min. prior), 827, 832,WEST SIOUX 9TH,469,1,"","Kyler Bak"
RN,Rockhill Center D (Draw across hall in Rentschler 30 min. prior), 836, 841,WEST SIOUX,178,1,"","Brian Duenas"
RN,Rockhill Center D (Draw across hall in Rentschler 30 min. prior), 845, 850,MOC-FLOYD VALLEY 9TH,599,2,"","Josiah Bonestroo"
RN,Rockhill Center D (Draw across hall in Rentschler 30 min. prior), 854, 859,,
RN,Rockhill Center D (Draw across hall in Rentschler 30 min. prior), 903, 908,WEST LYON,343,2,"","Levi Metzger"
RN,"Rockhill Center D (Draw across hall in Rentschler 30 min. prior)", 912,,BREAK,,
RN,Rockhill Center D (Draw across hall in Rentschler 30 min. prior), 932, 937,WEST SIOUX 9TH,469,3,"","Austin Rodenburgh"
RN,Rockhill Center D (Draw across hall in Rentschler 30 min. prior), 941, 946,BOYDEN-HULL,518,2,"","Maggie Grond"
RN,Rockhill Center D (Draw across hall in Rentschler 30 min. prior), 950, 955,LE MARS COMMUNITY,408,1,"","Caden Washburn"
RN,Rockhill Center D (Draw across hall in Rentschler 30 min. prior), 959,1004,SIOUX CENTER,483,1,"","Ty VanEs"
RN,Rockhill Center D (Draw across hall in Rentschler 30 min. prior),1008,1013,ROCK VALLEY,851,3,"","Sammy Blum"
RN,Rockhill Center D (Draw across hall in Rentschler 30 min. prior),1017,1022,LE MARS 9TH,122,1,"","Jorden Presnall"
RN,Rockhill Center D (Draw across hall in Rentschler 30 min. prior),1026,1031,WEST LYON,343,1,"","Jordan DeSmet"
RN,Rockhill Center D (Draw across hall in Rentschler 30 min. prior),1035,1040,WESTERN CHRISTIAN,720,3,"","Kyler Statema"
RN,"Rockhill Center D (Draw across hall in Rentschler 30 min. prior)",1042,,BREAK,,
RN,Rockhill Center D (Draw across hall in Rentschler 30 min. prior),1200,1205,ROCK VALLEY,851,1,"","Carter Schwanke"
RN,Rockhill Center D (Draw across hall in Rentschler 30 min. prior),1209,1214,BOYDEN-HULL,518,1,"","Darin Maassen"
RN,Rockhill Center D (Draw across hall in Rentschler 30 min. prior),1218,1223,LE MARS COMMUNITY,408,3,"","Hannah Brennan"
RN,Rockhill Center D (Draw across hall in Rentschler 30 min. prior),1227,1232,WESTERN CHRISTIAN,720,1,"","Adrianne Wiekamp"
RN,Rockhill Center D (Draw across hall in Rentschler 30 min. prior),1236,1241,SIOUX CITY EAST,457,2,"","Garrett Kroger"
RN,Rockhill Center D (Draw across hall in Rentschler 30 min. prior),1245,1250,SIBLEY-OCHEYEDAN,295,1,"","Kelsy Kenninger"
RN,Rockhill Center D (Draw across hall in Rentschler 30 min. prior),1254,1259,WEST LYON,343,3,"","Zachary Hamann"
RN,Rockhill Center D (Draw across hall in Rentschler 30 min. prior),1303,1308,GEORGE-LITTLE ROCK,583,2,"","MacKenzie Burg"
RN,"Rockhill Center D (Draw across hall in Rentschler 30 min. prior)",1312,,BREAK,,
RN,Rockhill Center D (Draw across hall in Rentschler 30 min. prior),1332,1337,MOC-FLOYD VALLEY 9TH,599,1,"","Gus Espersen"
RN,Rockhill Center D (Draw across hall in Rentschler 30 min. prior),1341,1346,ROCK VALLEY,851,2,"","Gage Teunissen"
RN,Rockhill Center D (Draw across hall in Rentschler 30 min. prior),1350,1355,,
RN,Rockhill Center D (Draw across hall in Rentschler 30 min. prior),1359,1404,LE MARS COMMUNITY,408,2,"","Dalton Glawe"
RN,Rockhill Center D (Draw across hall in Rentschler 30 min. prior),1408,1413,SIOUX CITY EAST,457,3,"","Jordan Abrams"
RN,Rockhill Center D (Draw across hall in Rentschler 30 min. prior),1417,1422,WEST SIOUX 9TH,469,2,"","Kade Lynott"
RN,Rockhill Center D (Draw across hall in Rentschler 30 min. prior),1426,1431,GEORGE-LITTLE ROCK,583,1,"","Brandon Meyer"
RN,Rockhill Center D (Draw across hall in Rentschler 30 min. prior),1435,1440,WESTERN CHRISTIAN,720,2,"","Cole Christians"
RN,"Rockhill Center D (Draw across hall in Rentschler 30 min. prior)",1444,,BREAK,,
SMT,Choir Room Center E, 800, 805,WEST LYON,343,2,"The Devil You Know","Kris Williams"
SMT,Choir Room Center E, 808, 813,LE MARS 9TH,122,2,"","Emily Martin"
SMT,Choir Room Center E, 816, 821,MOC-FLOYD VALLEY,112,1,"","Alyssa Glanz"
SMT,Choir Room Center E, 824, 829,Sioux City East 9th,574,1,"","Ann Marie Ngwyen"
SMT,Choir Room Center E, 832, 837,SIOUX CITY EAST,457,1,"","Austin Clayton"
SMT,Choir Room Center E, 840, 845,SIOUX CENTER,483,1,"The Girl in 14G","Emily Schuiteman"
SMT,Choir Room Center E, 848, 853,LE MARS COMMUNITY,408,1,"","Aly Buhman"
SMT,Choir Room Center E, 856, 901,LE MARS COMMUNITY,408,3,"","Willow Olson"
SMT,Choir Room Center E, 904, 909,SIOUX CITY EAST,457,2,"","David Suhr"
SMT,"Choir Room Center E", 912,,BREAK,,
SMT,Choir Room Center E, 933, 938,SIOUX CENTER,483,2,"When a Felons Not Engaged in His Employment","Lucas Boyer"
SMT,Choir Room Center E, 941, 946,ROCK VALLEY,851,2,"Lost In Thy Darkness","Brooklyn Iverson"
SMT,Choir Room Center E, 949, 954,SIBLEY-OCHEYEDAN,295,3,"TBA","Kailey Schmidt"
SMT,Choir Room Center E, 957,1002,LEMARS GEHLEN,690,1,"TBD","Carter Sitzmann"
SMT,Choir Room Center E,1005,1010,BOYDEN-HULL,518,2,"Burn","Heather Shih"
SMT,Choir Room Center E,1013,1018,SIOUX CITY EAST,457,3,"","Lydia Prior"
SMT,Choir Room Center E,1021,1026,LE MARS COMMUNITY,408,2,"","Megan Connor"
SMT,Choir Room Center E,1029,1034,CENTRAL LYON,504,1,"I Know Its Today","Dominique Kooiker"
SMT,Choir Room Center E,1037,1042,LE MARS 9TH,122,3,"","Naomi Kinney"
SMT,"Choir Room Center E",1045,,BREAK,,
SMT,Choir Room Center E,1200,1205,SIBLEY-OCHEYEDAN,295,1,"TBA","Benjamin Wollmuth"
SMT,Choir Room Center E,1208,1213,GEORGE-LITTLE ROCK,583,1,"","Autumn Long"
SMT,Choir Room Center E,1216,1221,BOYDEN-HULL,518,1,"Kindergarten Love Song","Audrey Kreun"
SMT,Choir Room Center E,1224,1229,CENTRAL LYON 9TH,551,1,"Happily Ever After","Samantha Ebel"
SMT,Choir Room Center E,1232,1237,,
SMT,Choir Room Center E,1240,1245,AKRON-WESTFIELD,603,2,"Empty Chairs and Empty Tables","Nick Schnell"
SMT,Choir Room Center E,1248,1253,MOC-FLOYD VALLEY,112,2,"","Emily Vogel"
SMT,Choir Room Center E,1256,1301,MOC-FLOYD VALLEY 9TH,599,1,"","Rachel Jorgensen"
SMT,Choir Room Center E,1304,1309,WESTERN CHRISTIAN,720,1,"Burn","Lindsey Zuidema"
SMT,"Choir Room Center E",1312,,BREAK,,
SMT,Choir Room Center E,1333,1338,WEST SIOUX,178,1,"The Worst Pies in London","Rylee Bakker"
SMT,Choir Room Center E,1341,1346,SERGEANT BLUFF-LUTON,733,1,"","Shelby Hagerdon"
SMT,Choir Room Center E,1349,1354,SIBLEY-OCHEYEDAN 9TH,962,1,"TBA","Ashilyn Hulstein"
SMT,Choir Room Center E,1357,1402,GEORGE-LITTLE ROCK 9TH,594,1,"Kalis Musical","Kali Johnson"
SMT,Choir Room Center E,1405,1410,CENTRAL LYON,504,2,"Still Hurting","Sierra Reed"
SMT,Choir Room Center E,1413,1418,AKRON-WESTFIELD,603,1,"Dyin Aint So Bad","Emmy Knuth"
SMT,Choir Room Center E,1421,1426,LE MARS 9TH,122,1,"","Alexandra Stamer-Fuentes"
SMT,Choir Room Center E,1429,1434,WEST LYON,343,1,"Home","Kira Immeker"
SMT,Choir Room Center E,1437,1442,MOC-FLOYD VALLEY,112,3,"","Noah Minnick"
SMT,Choir Room Center E,1445,1450,ROCK VALLEY,851,3,"Taylor the Latte Boy","Keely Swanson"
SMT,"Choir Room Center E",1453,,BREAK,,
SMT,Early Childhood Pod Center K,1216,1221,CENTRAL LYON,504,3,"Party Hat","Sydney Ebel"
SMT,Early Childhood Pod Center K,1224,1229,GEORGE-LITTLE ROCK,583,2,"Eriks Solo Musical Theater","Erik Vander Laan"
SMT,Early Childhood Pod Center K,1232,1237,WEST LYON,343,3,"On the Steps of the Palace","Olivia Carolan"
SMT,Early Childhood Pod Center K,1240,1245,ROCK VALLEY,851,1,"Wishing You Were Somehow Here Again","Bailey Van Zee"
SMT,Early Childhood Pod Center K,1248,1253,,
SMT,Early Childhood Pod Center K,1256,1301,LEMARS GEHLEN,690,2,"I Dont Know How to Love Him","Kathryn Ripley"
SMT,Early Childhood Pod Center K,1304,1309,SIBLEY-OCHEYEDAN,295,2,"TBA","Joshua Nobles"
SMT,"Early Childhood Pod Center K",1312,,BREAK,,
IMP,Library Center F, 800, 808,WESTERN CHRISTIAN,720,3,"","Nick Kooima"
IMP,Library Center F, 810, 818,Sioux City East 9th,574,1,"","Gaven Howell"
IMP,Library Center F, 820, 828,SIOUX CITY EAST,457,3,"","Wilhelmina Blevins"
IMP,Library Center F, 830, 838,ROCK VALLEY,851,3,"","Dalton Bennett "
IMP,Library Center F, 840, 848,LE MARS 9TH,122,2,"","Westin Friederich"
IMP,Library Center F, 850, 858,BOYDEN-HULL,518,3,"","Skyler Rutledge"
IMP,Library Center F, 900, 908,SIBLEY-OCHEYEDAN,295,1,"","Jacob Schultz"
IMP,Library Center F, 910, 918,LE MARS COMMUNITY,408,1,"","Caden Washburn"
IMP,Library Center F, 920, 928,WEST LYON,343,2,"","Vincent Demme"
IMP,"Library Center F", 930,,BREAK,,
IMP,Library Center F, 940, 948,WEST LYON,343,3,"","Zachary Hamann"
IMP,Library Center F, 950, 958,ROCK VALLEY,851,2,"","Carter Schwanke"
IMP,Library Center F,1000,1008,WESTERN CHRISTIAN,720,2,"","Michael VanDenTop"
IMP,Library Center F,1010,1018,GEORGE-LITTLE ROCK,583,2,"","Brandon Meyer"
IMP,Library Center F,1020,1028,Sioux City East 9th,574,2,"","Tony Thall"
IMP,Library Center F,1030,1038,LE MARS COMMUNITY,408,3,"","Morgan Boehme"
IMP,Library Center F,1040,1048,SIOUX CENTER,483,1,"","Ty VanEs"
IMP,Library Center F,1050,1058,,
IMP,Library Center F,1100,1108,WEST SIOUX,178,1,"","Kailey Bak"
IMP,"Library Center F",1110,,BREAK,,
IMP,Library Center F,1230,1238,SIBLEY-OCHEYEDAN,295,3,"","Tanner Dykstra"
IMP,Library Center F,1240,1248,CENTRAL LYON,504,1,"","Zachary Springer"
IMP,Library Center F,1250,1258,LE MARS 9TH,122,1,"","Jorden Presnall"
IMP,Library Center F,1300,1308,MOC-FLOYD VALLEY,112,1,"","Jack Vander Voort"
IMP,Library Center F,1310,1318,SIOUX CITY EAST,457,2,"","Jordan Abrams"
IMP,Library Center F,1320,1328,AKRON-WESTFIELD,603,1,"","Charlie Anderson"
IMP,Library Center F,1330,1338,BOYDEN-HULL,518,2,"","Meghan Kerr"
IMP,Library Center F,1340,1348,LE MARS COMMUNITY,408,2,"","Joey De Boer"
IMP,Library Center F,1350,1358,WEST LYON,343,1,"","Matthew Hamann"
IMP,"Library Center F",1400,,BREAK,,
IMP,Library Center F,1410,1418,ROCK VALLEY,851,1,"","Brooklyn Iverson"
IMP,Library Center F,1420,1428,WESTERN CHRISTIAN,720,1,"","Jacquelyn Geels"
IMP,Library Center F,1430,1438,SIBLEY-OCHEYEDAN,295,2,"","Kaleb Helmers"
IMP,Library Center F,1440,1448,ROCK VALLEY 9TH,126,1,"","Lizzy Blum"
IMP,Library Center F,1450,1458,WEST SIOUX,178,2,"","Camyron Ballard"
IMP,Library Center F,1500,1508,,
IMP,Library Center F,1510,1518,BOYDEN-HULL,518,1,"","Logan Brunsting"
IMP,Library Center F,1520,1528,SIOUX CITY EAST,457,1,"","Garrett Kroger"
IMP,Library Center F,1530,1538,GEORGE-LITTLE ROCK,583,1,"","Aaron Hayenga"
IMP,"Library Center F",1540,,BREAK,,
PO,Wiltgen Center G, 800, 806,LE MARS COMMUNITY,408,1,"","Anna Vacura"
PO,Wiltgen Center G, 809, 815,SIOUX CITY EAST,457,1,"","Alex Garcia"
PO,Wiltgen Center G, 818, 824,AKRON-WESTFIELD,603,1,"A Gaggle of Saints","Cameron Wahlberg"
PO,Wiltgen Center G, 827, 833,WEST LYON,343,1,"Blue Blanket","Angelina Perez"
PO,Wiltgen Center G, 836, 842,SIouxland Christian High School,606,1,"untitled","Erin Spake"
PO,Wiltgen Center G, 845, 851,CENTRAL LYON,504,1,"Tulips","Elle Petersen"
PO,Wiltgen Center G, 854, 900,ROCK VALLEY,851,1,"Last Game; Fast Break; Basketballs My Favorite Sport","Blake Parks"
PO,Wiltgen Center G, 903, 909,WEST SIOUX 9TH,469,3,"You Are Beautiful","Esperanza Lopez"
PO,"Wiltgen Center G", 912,,BREAK,,
PO,Wiltgen Center G, 922, 928,MOC-FLOYD VALLEY,112,1,"","Carly Howrey"
PO,Wiltgen Center G, 931, 937,ROCK VALLEY,851,3,"Mom ","Morgan Van Der Brink"
PO,Wiltgen Center G, 940, 946,WEST SIOUX,178,1,"Im Not Okay","Kailey Bak"
PO,Wiltgen Center G, 949, 955,SERGEANT BLUFF-LUTON,733,3,"","Naomi Schiller"
PO,Wiltgen Center G, 958,1004,LE MARS COMMUNITY,408,2,"","Lauren Tabbert"
PO,Wiltgen Center G,1007,1013,LE MARS 9TH,122,1,"","Drake Oswald"
PO,Wiltgen Center G,1016,1022,,
PO,Wiltgen Center G,1025,1031,,
PO,"Wiltgen Center G",1034,,BREAK,,
PO,Wiltgen Center G,1051,1057,WEST SIOUX 9TH,469,2,"What I Learned in Life","Shayden Blankenship"
PO,Wiltgen Center G,1100,1106,Sioux City East 9th,574,1,"","Erin Collins"
PO,Wiltgen Center G,1109,1115,LE MARS COMMUNITY,408,3,"Poet Tree","Samantha Ten Napel"
PO,Wiltgen Center G,1118,1124,GEORGE-LITTLE ROCK,583,3,"Kims Poetry Program","Kimberlee Trie"
PO,Wiltgen Center G,1127,1133,WEST LYON,343,2,"Pass On","Harlee Rozeboom"
PO,Wiltgen Center G,1136,1142,WESTERN CHRISTIAN,720,1,"Selections on Companionship","Cassidy Van't Hul"
PO,Wiltgen Center G,1145,1151,SERGEANT BLUFF-LUTON,733,1,"","Annabel Dirksen"
PO,Wiltgen Center G,1154,1200,WEST SIOUX,178,3,"Rape","Jewel Christensen"
PO,"Wiltgen Center G",1203,,BREAK,,
PO,Wiltgen Center G,1310,1316,,
PO,Wiltgen Center G,1319,1325,CENTRAL LYON 9TH,551,1,"Zin! Zin! Zin! A Violin","Joe Jans"
PO,Wiltgen Center G,1328,1334,GEORGE-LITTLE ROCK,583,1,"Farkle McBride","Autumn Long"
PO,Wiltgen Center G,1337,1343,MOC-FLOYD VALLEY,112,3,"","Noelle Sampson"
PO,Wiltgen Center G,1346,1352,BOYDEN-HULL,518,2,"The Man Who Loved Cheese","Janaya Zoet"
PO,Wiltgen Center G,1355,1401,LEMARS GEHLEN,690,1,"Not Everybody Live ","Kaligh Ripley"
PO,"Wiltgen Center G",1404,,BREAK,,
PO,Wiltgen Center G,1422,1428,SIOUX CENTER,483,3,"Keys/The Plea","Summer Lentell"
PO,Wiltgen Center G,1431,1437,Sioux City East 9th,574,2,"","Graceyn Stubbe"
PO,Wiltgen Center G,1440,1446,GEORGE-LITTLE ROCK,583,2,"Dhaltens Poetry Program","Dhalten Dirks"
PO,Wiltgen Center G,1449,1455,BOYDEN-HULL,518,1,"Im a Christian","Autumn VanDerBrink"
PO,Wiltgen Center G,1458,1504,LEMARS GEHLEN,690,2,"Dear Future Generation","Madison Schroeder"
PO,TeGrootenhuis Center J, 800, 806,SIOUX CENTER,483,1,"Stand back, said the Elephant, Im Going to Sneeze!","Gabriela Garrido"
PO,TeGrootenhuis Center J, 809, 815,AKRON-WESTFIELD,603,2,"Pretty & To This Day","Emmy Knuth"
PO,TeGrootenhuis Center J, 818, 824,LE MARS 9TH,122,2,"","Katelyn McShane"
PO,TeGrootenhuis Center J, 827, 833,WESTERN CHRISTIAN,720,3,"Littel Red Riding Hood","Rebecca DenHartog"
PO,TeGrootenhuis Center J, 836, 842,BOYDEN-HULL,518,3,"Surfer Chick","Joanne Luevano"
PO,TeGrootenhuis Center J, 845, 851,SIBLEY-OCHEYEDAN,295,1,"TBA","Aurora Sontag"
PO,TeGrootenhuis Center J, 854, 900,WEST SIOUX 9TH,469,1,"Packing for a Holiday Vacation","Gracie Rens"
PO,TeGrootenhuis Center J, 903, 909,SERGEANT BLUFF-LUTON,733,2,"","Austin Baier"
PO,"TeGrootenhuis Center J", 912,,BREAK,,
PO,TeGrootenhuis Center J, 922, 928,SIOUX CITY EAST,457,2,"","Brooke Evans"
PO,TeGrootenhuis Center J, 931, 937,WESTERN CHRISTIAN,720,2,"feelings revealed, his/hers","Linzie Bosma"
PO,TeGrootenhuis Center J, 940, 946,CENTRAL LYON,504,2,"Pass On","Haley Borman"
PO,TeGrootenhuis Center J, 949, 955,SIOUX CENTER,483,2,"What Teachers Make/On Girls Lending Pens","Piper Roseland-Bender"
PO,TeGrootenhuis Center J, 958,1004,WEST SIOUX,178,2,"Public Speaking","Alex Baker"
PO,TeGrootenhuis Center J,1007,1013,GEORGE-LITTLE ROCK 9TH,594,1,"Kalis Poetry","Kali Johnson"
PO,TeGrootenhuis Center J,1016,1022,WEST LYON,343,3,"Next to Nothing","Jordyn Wiekeraad"
PO,TeGrootenhuis Center J,1025,1031,AKRON-WESTFIELD,603,3,"Identity","Josie Green"
PO,"TeGrootenhuis Center J",1034,,BREAK,,
PO,Winquist Center P,1425,1431,MOC-FLOYD VALLEY,112,2,"","Heather Gabel"
PO,Winquist Center P,1434,1440,SIOUX CITY EAST,457,3,"I Am the Me You See...Now","Denisse Camarena"
PO,Winquist Center P,1443,1449,CENTRAL LYON,504,3,"Teens and Tech","Michael Austin Thomas III"
PO,Winquist Center P,1452,1458,ROCK VALLEY,851,2,"To This Day","Elise O'Regan"
PO,Winquist Center P,1501,1507,SIBLEY-OCHEYEDAN,295,2,"TBA","Rachel Poppen"
PO,"Winquist Center P",1510,,BREAK,,
PR,Martinson Center H, 800, 806,MOC-FLOYD VALLEY,112,3,"","Regan Rowenhorst"
PR,Martinson Center H, 809, 815,SIOUX CITY EAST,457,1,"Lets Pretend this Never Happened","Emily Blatchford"
PR,Martinson Center H, 818, 824,,
PR,Martinson Center H, 827, 833,,
PR,Martinson Center H, 836, 842,LE MARS COMMUNITY,408,3,"","Regan Albers"
PR,Martinson Center H, 845, 851,CENTRAL LYON,504,1,"Without a Phone!","Bergin DeBruin"
PR,Martinson Center H, 854, 900,WESTERN CHRISTIAN,720,3,"I Hate You, Wallace Pokras","Tessa DeVries"
PR,Martinson Center H, 903, 909,SIOUX CENTER,483,3,"Husband in Charge","Jenna Kock"
PR,"Martinson Center H", 912,,BREAK,,
PR,Martinson Center H, 922, 928,LE MARS 9TH,122,3,"","MaRyka Murfin"
PR,Martinson Center H, 931, 937,WEST LYON,343,2,"Eleven","Karoline Klingensmith"
PR,Martinson Center H, 940, 946,SERGEANT BLUFF-LUTON,733,2,"","Sara Jaques"
PR,Martinson Center H, 949, 955,WEST SIOUX,178,2,"This Is What It Feels Like","Danielle Schreiner"
PR,Martinson Center H, 958,1004,LE MARS COMMUNITY,408,2,"Al Literation, Private Eye","Max Hardyk"
PR,Martinson Center H,1007,1013,AKRON-WESTFIELD 9TH,782,1,"Im Not Ready","Kailee Tucker"
PR,Martinson Center H,1016,1022,SIBLEY-OCHEYEDAN 9TH,962,1,"TBA","Claire Hoppe"
PR,Martinson Center H,1025,1031,LEMARS GEHLEN,690,2,"To this Day","Kaleigh Ripley"
PR,"Martinson Center H",1034,,BREAK,,
PR,Martinson Center H,1051,1057,BOYDEN-HULL,518,2,"The Toothbrush You Just Threw Away...","Heather Shih"
PR,Martinson Center H,1100,1106,WESTERN CHRISTIAN,720,1,"Dear Poisoner","Hannah Van Otterloo"
PR,Martinson Center H,1109,1115,LE MARS COMMUNITY,408,1,"Alexander and the Terrible, Horrible, No Good, Very Bad Day","Brook Berkenpas"
PR,Martinson Center H,1118,1124,AKRON-WESTFIELD,603,3,"Adventure Dog","Max Anderson"
PR,Martinson Center H,1127,1133,SIOUX CENTER,483,2,"Eating Disorders","Jaclyn VanderWaal"
PR,Martinson Center H,1136,1142,MOC-FLOYD VALLEY 9TH,599,1,"","Kristen Quiroz"
PR,Martinson Center H,1145,1151,WEST SIOUX,178,3,"Something I Couldnt See","Majessa Von Hagel"
PR,Martinson Center H,1154,1200,MOC-FLOYD VALLEY,112,2,"","Alyssa Glanz"
PR,"Martinson Center H",1203,,BREAK,,
PR,Martinson Center H,1310,1316,SIBLEY-OCHEYEDAN,295,2,"TBA","Emily Jungers"
PR,Martinson Center H,1319,1325,ROCK VALLEY,851,2,"A Womans Week at the Gym","Morgan Van Der Brink"
PR,Martinson Center H,1328,1334,WESTERN CHRISTIAN 9,225,1,"Lynettes Dating Adventure","Abby Schmidt"
PR,Martinson Center H,1337,1343,LE MARS 9TH,122,1,"","Jorryn Miller"
PR,Martinson Center H,1346,1352,BOYDEN-HULL,518,1,"Lets Get the (Birthday) Party Started","Audrey Kreun"
PR,Martinson Center H,1355,1401,SERGEANT BLUFF-LUTON,733,3,"","Sidney Hardy"
PR,"Martinson Center H",1404,,BREAK,,
PR,Martinson Center H,1422,1428,GEORGE-LITTLE ROCK 9TH,594,2,"Laurens Prose","Lauren"
PR,Martinson Center H,1431,1437,WEST SIOUX,178,1,"Missing Natalie","Courtney Zwart"
PR,Martinson Center H,1440,1446,WEST SIOUX 9TH,469,2,"Ill Be Looking For You, Ace","Jadilyn Vargas"
PR,Martinson Center H,1449,1455,LEMARS GEHLEN,690,1,"Crickets have arthritis","Atze Atsma"
PR,Martinson Center H,1458,1504,AKRON-WESTFIELD 9TH,782,3,"The Blacktop Slide","Megan Swancutt"
PR,TeGrootenhuis Center J,1051,1057,SIOUX CENTER,483,1,"A Good Deed Goes Wrong","Emily Schuiteman"
PR,TeGrootenhuis Center J,1100,1106,SIBLEY-OCHEYEDAN,295,3,"TBA","Mariah Elser"
PR,TeGrootenhuis Center J,1109,1115,WEST LYON,343,1,"Wear Sunscreen","Alexis Williams"
PR,TeGrootenhuis Center J,1118,1124,LE MARS 9TH,122,2,"","Kameron Hinkel"
PR,TeGrootenhuis Center J,1127,1133,GEORGE-LITTLE ROCK 9TH,594,1,"The Littlest Angel","Ashley Stueven"
PR,TeGrootenhuis Center J,1136,1142,WESTERN CHRISTIAN,720,2,"Open Letter to My Kids","Larissa DeKam"
PR,TeGrootenhuis Center J,1145,1151,BOYDEN-HULL,518,3,"One Week at the Gym","Peter Liu"
PR,TeGrootenhuis Center J,1154,1200,WEST SIOUX 9TH,469,1,"Dear Dad","Elijah Metzler"
PR,"TeGrootenhuis Center J",1203,,BREAK,,
PR,TeGrootenhuis Center J,1310,1316,WEST SIOUX 9TH,469,3,"What She Doesnt Know","Megan Morgan"
PR,TeGrootenhuis Center J,1319,1325,MOC-FLOYD VALLEY,112,1,"","Allison Haverdink"
PR,TeGrootenhuis Center J,1328,1334,GEORGE-LITTLE ROCK,583,1,"Bullied, Bully, and Bystander","Angela De Boer"
PR,TeGrootenhuis Center J,1337,1343,AKRON-WESTFIELD,603,1,"Old Yeller","Aaron Hartman"
PR,TeGrootenhuis Center J,1346,1352,LEMARS GEHLEN,690,3,"Pretty","Malayna Hanks"
PR,TeGrootenhuis Center J,1355,1401,CENTRAL LYON,504,3,"Born of Man and Woman","Hope Rasmussen"
PR,TeGrootenhuis Center J,1404,1410,AKRON-WESTFIELD 9TH,782,2,"Mr. One and Only","Kayla Johnson"
PR,TeGrootenhuis Center J,1413,1419,SIBLEY-OCHEYEDAN,295,1,"TBA","Afton Grady"
PR,"TeGrootenhuis Center J",1422,,BREAK,,
PR,TeGrootenhuis Center J,1442,1448,WEST LYON,343,3,"Three Questions","Mary Palma"
PR,TeGrootenhuis Center J,1451,1457,SIOUX CITY EAST,457,2,"","Grace Hildahl"
PR,TeGrootenhuis Center J,1500,1506,SERGEANT BLUFF-LUTON,733,1,"","Ali Gaul"
PR,TeGrootenhuis Center J,1509,1515,ROCK VALLEY,851,1,"The Very Best Reason","Kaylee Johnson"
PR,TeGrootenhuis Center J,1518,1524,GEORGE-LITTLE ROCK,583,3,"Seths Prose","Seth Vander Laan"
PR,"TeGrootenhuis Center J",1527,,BREAK,,
PR,Winquist Center P,1330,1336,AKRON-WESTFIELD,603,2,"Cardboard Signs","Maggie Brown"
PR,Winquist Center P,1339,1345,,
PR,Winquist Center P,1348,1354,CENTRAL LYON,504,2,"The Benchwarmer","Brady Wright"
PR,Winquist Center P,1357,1403,SIOUX CITY EAST,457,3,"","Hanna Riley"
PR,Winquist Center P,1406,1412,GEORGE-LITTLE ROCK,583,2,"Candyces Prose Selection","Candyce Eubank"
PR,"Winquist Center P",1415,,BREAK,,
LP,J. Meyer Center I, 800, 808,WESTERN CHRISTIAN,720,2,"True Beauty","Alyssa Hofland"
LP,J. Meyer Center I, 810, 818,SIBLEY-OCHEYEDAN,295,1,"TBA","Joselin Tapia"
LP,J. Meyer Center I, 820, 828,SERGEANT BLUFF-LUTON,733,2,"","Naomi Schiller"
LP,J. Meyer Center I, 830, 838,ROCK VALLEY,851,2,"Free Fall; Diary of Adam and Eve","Kaylee Johnson"
LP,J. Meyer Center I, 840, 848,MOC-FLOYD VALLEY,112,2,"","Emily Vogel"
LP,J. Meyer Center I, 850, 858,WEST SIOUX,178,1,"Sweet Poison","Jacob Strong"
LP,J. Meyer Center I, 900, 908,BOYDEN-HULL,518,1,"Memoirs of a Goldfish","Elise Visscher"
LP,"J. Meyer Center I", 910,,BREAK,,
LP,J. Meyer Center I, 920, 928,LE MARS COMMUNITY,408,2,"","Madisen Parker"
LP,J. Meyer Center I, 930, 938,SIOUX CITY EAST,457,1,"","Katt Ortiz"
LP,J. Meyer Center I, 940, 948,WESTERN CHRISTIAN,720,1,"He Said, She Said","Alyssa DeJong"
LP,J. Meyer Center I, 950, 958,WEST SIOUX 9TH,469,1,"Over Time","Caitlyn Bushby"
LP,J. Meyer Center I,1000,1008,WEST LYON,343,3,"Adventure","Trey Kramer"
LP,J. Meyer Center I,1010,1018,CENTRAL LYON,504,1,"The Glorious Game of Golf","Brady Wright"
LP,J. Meyer Center I,1020,1028,SIOUX CENTER,483,1,"Death","Emily Post"
LP,"J. Meyer Center I",1030,,BREAK,,
LP,J. Meyer Center I,1040,1048,WEST SIOUX,178,3,"Sister Bonding","Vannesa Bueso"
LP,J. Meyer Center I,1050,1058,SERGEANT BLUFF-LUTON,733,3,"","Shelby Hagerdon"
LP,J. Meyer Center I,1100,1108,BOYDEN-HULL,518,2,"OCD","Jillian Dykstra"
LP,J. Meyer Center I,1110,1118,SIOUX CITY EAST,457,2,"","Lydia Prior"
LP,J. Meyer Center I,1120,1128,ROCK VALLEY,851,3,"Missing Natalie; If I Knew","Mackenzie Penning"
LP,J. Meyer Center I,1130,1138,GEORGE-LITTLE ROCK,583,3,"Megans Literary Program","Megan Krull"
LP,J. Meyer Center I,1140,1148,MOC-FLOYD VALLEY,112,3,"","Gabby Davis"
LP,"J. Meyer Center I",1150,,BREAK,,
LP,J. Meyer Center I,1300,1308,SIOUX CITY EAST,457,3,"","Vanessa Perez"
LP,J. Meyer Center I,1310,1318,AKRON-WESTFIELD,603,1,"Downtrodden","Hailey Wait"
LP,J. Meyer Center I,1320,1328,SIBLEY-OCHEYEDAN,295,2,"TBA","Skylar Rueter"
LP,J. Meyer Center I,1330,1338,,
LP,J. Meyer Center I,1340,1348,GEORGE-LITTLE ROCK,583,1,"Hamilton","Alicia Bonestroo"
LP,J. Meyer Center I,1350,1358,LE MARS COMMUNITY,408,1,"","Abby Duhn"
LP,"J. Meyer Center I",1400,,BREAK,,
LP,J. Meyer Center I,1410,1418,BOYDEN-HULL,518,3,"Anorexia--A Cultural Battle","Maggie Grond"
LP,J. Meyer Center I,1420,1428,WEST LYON,343,1,"TBD LP1","Katrina Gilbertson"
LP,J. Meyer Center I,1430,1438,LE MARS COMMUNITY,408,3,"Cinderella","Whitney Ten Napel"
LP,J. Meyer Center I,1440,1448,SIOUX CENTER,483,2,"Dont Lose Yourself","Lillian Page"
LP,J. Meyer Center I,1450,1458,SERGEANT BLUFF-LUTON,733,1,"","Hailee Lafrentz"
LP,J. Meyer Center I,1500,1508,ROCK VALLEY,851,1,"Every 27 Minutes; Red Light","Kassie Johnson"
LP,"J. Meyer Center I",1510,,BREAK,,
LP,Early Childhood Pod Center K,1330,1338,WESTERN CHRISTIAN,720,3,"Fabulously Fit  . . . or fatigued","Payton Oostenink"
LP,Early Childhood Pod Center K,1340,1348,SIBLEY-OCHEYEDAN,295,3,"TBA","Steph Vipond"
LP,Early Childhood Pod Center K,1350,1358,GEORGE-LITTLE ROCK,583,2,"Bossy Pants","Greta Ackerman"
LP,Early Childhood Pod Center K,1400,1408,WEST LYON,343,2,"Colors of Death","Kira Spaans"
LP,Early Childhood Pod Center K,1410,1418,MOC-FLOYD VALLEY,112,1,"","Brooke Venema"
LP,Early Childhood Pod Center K,1420,1428,WEST SIOUX,178,2,"What Anxiety Feels Like","Madison Aldrich"
LP,"Early Childhood Pod Center K",1430,,BREAK,,
AD,Weber Center L, 800, 805,SIOUX CITY EAST,457,3,"","Gabe Ruiz"
AD,Weber Center L, 808, 813,LE MARS 9TH,122,1,"","Haley Bogh"
AD,Weber Center L, 816, 821,SIOUX CENTER,483,1,"Fast Food","Lyndsay Sassman"
AD,Weber Center L, 824, 829,BOYDEN-HULL,518,2,"","Kelana De Ruyter"
AD,Weber Center L, 832, 837,GEORGE-LITTLE ROCK,583,1,"Surviving a Siblings Wedding","Aaron Hayenga"
AD,Weber Center L, 840, 845,WEST LYON,343,1,"Association of Short Girls Everywhere","Lydia Lee"
AD,Weber Center L, 848, 853,WESTERN CHRISTIAN,720,2,"Being a Freshman Girl for Dummies","Michaela Kleinwolterink"
AD,Weber Center L, 856, 901,,
AD,"Weber Center L", 904,,BREAK,,
AD,Weber Center L, 923, 928,WESTERN CHRISTIAN,720,3,"Dear Younger Brothers . . .","Sydney Stiemsma"
AD,Weber Center L, 931, 936,GEORGE-LITTLE ROCK,583,2,"A Small Town Girl Visits the Big Apple","Karissa Harms"
AD,Weber Center L, 939, 944,LE MARS COMMUNITY,408,2,"","Madelyn Johnson"
AD,Weber Center L, 947, 952,SIOUX CITY EAST,457,1,"","Abby Koch"
AD,Weber Center L, 955,1000,Sioux City East 9th,574,1,"","Adam Beasley"
AD,Weber Center L,1003,1008,SERGEANT BLUFF-LUTON,733,1,"","Keegen Savary"
AD,Weber Center L,1011,1016,SIBLEY-OCHEYEDAN,295,1,"Superfluous Sesquipedalian Society","Jacob Schultz"
AD,Weber Center L,1019,1024,MOC-FLOYD VALLEY,112,1,"","Brooke Venema"
AD,"Weber Center L",1027,,BREAK,,
AD,Weber Center L,1047,1052,WESTERN CHRISTIAN,720,1,"Restaurant Employment Made EASY!","Jasmine VanDonselaar"
AD,Weber Center L,1055,1100,LE MARS COMMUNITY,408,3,"","Mika Wilhus"
AD,Weber Center L,1103,1108,AKRON-WESTFIELD,603,1,"Double Red-Headed Trouble","Autumn Stowe"
AD,Weber Center L,1111,1116,SIBLEY-OCHEYEDAN,295,3,"TBA","Skylar Rueter"
AD,Weber Center L,1119,1124,BOYDEN-HULL,518,1,"","Kara Meerdink"
AD,Weber Center L,1127,1132,WEST SIOUX,178,1,"Social Media Addicts Anonymous","Rylee Bakker"
AD,Weber Center L,1135,1140,WEST LYON,343,3,"TBD AD3","Sydney Berentschot"
AD,Weber Center L,1143,1148,GEORGE-LITTLE ROCK,583,3,"Rebeccas ADS","Rebecca Krull"
AD,"Weber Center L",1151,,BREAK,,
AD,Weber Center L,1308,1313,WEST LYON,343,2,"Procrastination","Trey Kramer"
AD,Weber Center L,1316,1321,SIOUX CENTER,483,2,"Book Worms","Summer Lentell"
AD,Weber Center L,1324,1329,LE MARS COMMUNITY,408,1,"Seniors with Nothing to Lose","Cole Berkenpas"
AD,Weber Center L,1332,1337,SIBLEY-OCHEYEDAN,295,2,"Procrastination Association","Rachel Poppen"
AD,Weber Center L,1340,1345,BOYDEN-HULL,518,3,"The Trials of Internet Addictions","Sara Koster"
AD,Weber Center L,1348,1353,SIOUX CITY EAST,457,2,"","Denisse Camarena"
AD,Weber Center L,1356,1401,LE MARS 9TH,122,2,"","Kara Albrecht"
AD,Weber Center L,1404,1409,AKRON-WESTFIELD,603,2,"When No One Is Watching","Makayla Swancutt"
AD,"Weber Center L",1412,,BREAK,,
ST,Kerkvliet Center M, 800, 805,WEST LYON,343,2,"Something Good","Kiana Knoblock"
ST,Kerkvliet Center M, 808, 813,MOC-FLOYD VALLEY,112,1,"","Allison Haverdink"
ST,Kerkvliet Center M, 816, 821,CENTRAL LYON,504,3,"You Are Special","Meredith Snyders"
ST,Kerkvliet Center M, 824, 829,GEORGE-LITTLE ROCK 9TH,594,2,"I Need My Monster","Madisen Dreesen"
ST,Kerkvliet Center M, 832, 837,SIOUX CITY EAST,457,3,"","Grace Hildahl"
ST,Kerkvliet Center M, 840, 845,SERGEANT BLUFF-LUTON,733,3,"","Sara Jacques"
ST,Kerkvliet Center M, 848, 853,LE MARS COMMUNITY,408,1,"The Girl Who Wanted the Willies","Alex Pick"
ST,Kerkvliet Center M, 856, 901,BOYDEN-HULL 9TH,771,1,"Seriously, Cinderella is So Annoying","Anna Godtland"
ST,Kerkvliet Center M, 904, 909,AKRON-WESTFIELD,603,1,"Beauty and the Beast","Chloe Skogman"
ST,"Kerkvliet Center M", 912,,BREAK,,
ST,Kerkvliet Center M, 933, 938,,
ST,Kerkvliet Center M, 941, 946,ROCK VALLEY,851,3,"Interrupting Chicken","Sara Maassen "
ST,Kerkvliet Center M, 949, 954,SIBLEY-OCHEYEDAN,295,2,"Nail Soup","Paige Hurlburt"
ST,Kerkvliet Center M, 957,1002,SERGEANT BLUFF-LUTON,733,1,"","Alexys Baier"
ST,Kerkvliet Center M,1005,1010,ROCK VALLEY 9TH,126,1,"Cinderella","Makenzie Boersma"
ST,Kerkvliet Center M,1013,1018,WEST SIOUX,178,2,"The Little Match Girl","Taylor Lauters"
ST,Kerkvliet Center M,1021,1026,LE MARS COMMUNITY,408,3,"The Wicked Girl","Sarah Benton"
ST,Kerkvliet Center M,1029,1034,GEORGE-LITTLE ROCK,583,1,"Cook-A-Doodle-Doo","Greta Ackerman"
ST,Kerkvliet Center M,1037,1042,CENTRAL LYON,504,1,"Corduroy","Elena Rengel"
ST,"Kerkvliet Center M",1045,,BREAK,,
ST,Kerkvliet Center M,1200,1205,LE MARS 9TH,122,1,"The Princess Mouse","Kaylee Renken"
ST,Kerkvliet Center M,1208,1213,WESTERN CHRISTIAN,720,2,"Monsters Eat Whiny Children","Elizabeth Carney"
ST,Kerkvliet Center M,1216,1221,SIBLEY-OCHEYEDAN,295,3,"TBA","Steph Vipond"
ST,Kerkvliet Center M,1224,1229,SERGEANT BLUFF-LUTON,733,2,"","Nick Lennon"
ST,Kerkvliet Center M,1232,1237,WEST LYON,343,3,"Memoirs of a Goldfish","Sydney Berentschot"
ST,Kerkvliet Center M,1240,1245,GEORGE-LITTLE ROCK 9TH,594,1,"Coat of Many Colors","Ashley Stueven"
ST,Kerkvliet Center M,1248,1253,SIOUX CITY EAST,457,2,"","Brooke Evans"
ST,Kerkvliet Center M,1256,1301,GEORGE-LITTLE ROCK,583,3,"Megans Storytelling","Megan Krull"
ST,Kerkvliet Center M,1304,1309,BOYDEN-HULL 9TH,771,2,"The Princess and the Pig","Emma Franken"
ST,"Kerkvliet Center M",1311,,BREAK,,
ST,Kerkvliet Center M,1333,1338,ROCK VALLEY,851,1,"The True Story of the Three Little Pigs ","Blake Parks"
ST,Kerkvliet Center M,1341,1346,SIOUX CITY EAST,457,1,"","Brittany Todd"
ST,Kerkvliet Center M,1349,1354,LE MARS 9TH,122,3,"Beware of Storybook Wolves","Paige Washburn"
ST,Kerkvliet Center M,1357,1402,SIBLEY-OCHEYEDAN,295,1,"TBA","Mariah Elser"
ST,Kerkvliet Center M,1405,1410,CENTRAL LYON 9TH,551,1,"Charlie","Noelle McCarthy"
ST,Kerkvliet Center M,1413,1418,Sioux City East 9th,574,2,"Corduroy","Ann Marie Ngwyen"
ST,Kerkvliet Center M,1421,1426,AKRON-WESTFIELD 9TH,782,1,"Rumplestiltskin","Hannah Rivera"
ST,Kerkvliet Center M,1429,1434,WESTERN CHRISTIAN,720,1,"The Day the Crayons Came Home","Cole Wynia"
ST,Kerkvliet Center M,1437,1442,BOYDEN-HULL,518,1,"The Web Files","Darin Maassen"
ST,"Kerkvliet Center M",1445,,BREAK,,
ST,A. Johnson Center N,1025,1030,ROCK VALLEY,851,2,"Dont Let the Pigeon Drive the Bus","Connor Van Peursem "
ST,A. Johnson Center N,1033,1038,SIOUX CENTER,483,1,"Little Red Hot","Emily Deinken"
ST,A. Johnson Center N,1041,1046,MOC-FLOYD VALLEY,112,2,"","Carly Howrey"
ST,A. Johnson Center N,1049,1054,LE MARS COMMUNITY,408,2,"The Legend of Slappy Hooper","Cole Berkenpas"
ST,A. Johnson Center N,1057,1102,AKRON-WESTFIELD,603,3,"The Seven Chickens","Nash Lininger"
ST,A. Johnson Center N,1105,1110,GEORGE-LITTLE ROCK,583,2,"Whispering Town","Jillian De Boer"
ST,"A. Johnson Center N",1113,,BREAK,,
ST,A. Johnson Center N,1230,1235,CENTRAL LYON,504,2,"Where the Wild Things Are","Emma Birkeland"
ST,A. Johnson Center N,1238,1243,SIOUX CENTER,483,2,"Owen","Lillian Page"
ST,A. Johnson Center N,1246,1251,AKRON-WESTFIELD,603,2,"The Barking Mouse","Marlenne Zamora"
ST,A. Johnson Center N,1254,1259,WEST LYON,343,1,"Llama Llama Home with Mama","Chaydon Metzger"
ST,A. Johnson Center N,1302,1307,BOYDEN-HULL,518,3,"Frederick Finch, Loudmouth","Klint Koster"
ST,A. Johnson Center N,1310,1315,MOC-FLOYD VALLEY,112,3,"","Kristin Heemstra"
ST,"A. Johnson Center N",1318,,BREAK,,
ST,A. Johnson Center N,1330,1335,LE MARS 9TH,122,2,"The Witchs Broom","Naomi Kinney"
ST,A. Johnson Center N,1338,1343,Sioux City East 9th,574,1,"Tortise and the Hare Race Again","Adam Beasby"
ST,A. Johnson Center N,1346,1351,BOYDEN-HULL 9TH,771,3,"Dinoella","Kali Maassen"
ST,A. Johnson Center N,1354,1359,BOYDEN-HULL,518,2,"Snoring","Kelana De Ruyter"
ST,A. Johnson Center N,1402,1407,WESTERN CHRISTIAN,720,3,"Stand Back, Said the Elephant, Im Going to Sneeze","Kaysha Steiger"
ST,A. Johnson Center N,1410,1415,WEST SIOUX,178,1,"A Series of Unfortunate Events","Jonathan Petersen"
ST,"A. Johnson Center N",1418,,BREAK,,
OO,Sorensen Center O, 800, 808,SIBLEY-OCHEYEDAN,295,1,"TBA","Allie Van Tilburg"
OO,Sorensen Center O, 810, 818,LE MARS COMMUNITY,408,3,"","Kajsa Hallberg"
OO,Sorensen Center O, 820, 828,SIOUX CITY EAST,457,2,"","Gabe Ruiz"
OO,Sorensen Center O, 830, 838,MOC-FLOYD VALLEY,112,2,"","Sarah Powell"
OO,Sorensen Center O, 840, 848,WEST SIOUX 9TH,469,2,"One in Six","Trinity Stevens"
OO,Sorensen Center O, 850, 858,WEST LYON,343,1,"Teacher Status","Alex Breitkreutz"
OO,"Sorensen Center O", 900,,BREAK,,
OO,Sorensen Center O, 910, 918,WEST LYON,343,2,"How to Make a Difference in a Third World Country","Kendra Michael"
OO,Sorensen Center O, 920, 928,SERGEANT BLUFF-LUTON,733,2,"","Keegen Savary"
OO,Sorensen Center O, 930, 938,SIOUX CITY EAST,457,1,"","Emily Blatchford"
OO,Sorensen Center O, 940, 948,WESTERN CHRISTIAN,720,1,"Let Me Set the Scene","Aysha DeGroot"
OO,Sorensen Center O, 950, 958,GEORGE-LITTLE ROCK,583,2,"Where Have All the Traditions Gone","Emily Donaker"
OO,Sorensen Center O,1000,1008,MOC-FLOYD VALLEY,112,1,"","Perry Powell"
OO,"Sorensen Center O",1010,,BREAK,,
OO,Sorensen Center O,1020,1028,WEST SIOUX 9TH,469,3,"As We Know It","Bianca Rubio"
OO,Sorensen Center O,1030,1038,SIBLEY-OCHEYEDAN,295,2,"TBA","Aurora Sontag"
OO,Sorensen Center O,1040,1048,SIOUX CITY EAST,457,3,"","Mikendra Lynn"
OO,Sorensen Center O,1050,1058,WEST LYON,343,3,"Electoral College","Vincent Demme"
OO,Sorensen Center O,1100,1108,SIOUX CENTER,483,1,"Hiding the Pain","Estephany Segoviano"
OO,Sorensen Center O,1110,1118,SERGEANT BLUFF-LUTON,733,1,"","Austin Baier"
OO,"Sorensen Center O",1120,,BREAK,,
OO,Sorensen Center O,1235,1243,GEORGE-LITTLE ROCK,583,3,"Jacobs Oratory","Jacob Starr"
OO,Sorensen Center O,1245,1253,LE MARS COMMUNITY,408,1,"","Arianna Grant"
OO,Sorensen Center O,1255,1303,SIBLEY-OCHEYEDAN,295,3,"TBA","Dreycen Foilesa"
OO,Sorensen Center O,1305,1313,,
OO,Sorensen Center O,1315,1323,BOYDEN-HULL,518,1,"","Alex Heikes"
OO,Sorensen Center O,1325,1333,WEST SIOUX 9TH,469,1,"Skin Deep","Jackie Saldana-Topete"
OO,"Sorensen Center O",1335,,BREAK,,
OO,Sorensen Center O,1345,1353,WESTERN CHRISTIAN,720,2,"Identity","Marissa Driesen"
OO,Sorensen Center O,1355,1403,SIOUX CENTER,483,2,"Fear of the Unknown","Jaclyn VanderWaal"
OO,Sorensen Center O,1405,1413,,
OO,Sorensen Center O,1415,1423,LE MARS COMMUNITY,408,2,"","Jeff Ahlers"
OO,Sorensen Center O,1425,1433,CENTRAL LYON 9TH,551,1,"Web Comics In Our School System","Samuel Wessels"
OO,Sorensen Center O,1435,1443,SERGEANT BLUFF-LUTON,733,3,"","Sidney Hardy"
OO,Sorensen Center O,1445,1453,,
OO,Sorensen Center O,1455,1503,GEORGE-LITTLE ROCK,583,1,"Embrace Your Narcissism","Candyce Eubank"
OO,"Sorensen Center O",1505,,BREAK,,
SS,Winquist Center P, 800, 808,AKRON-WESTFIELD,603,1,"","Autumn Stowe"
SS,Winquist Center P, 809, 817,WESTERN CHRISTIAN,720,1,"","Aaron Lenz"
SS,Winquist Center P, 818, 826,WEST LYON,343,3,"","Tate Blankespoor"
SS,Winquist Center P, 827, 835,LE MARS COMMUNITY,408,3,"","Megan Friederich"
SS,Winquist Center P, 836, 844,,
SS,Winquist Center P, 845, 853,GEORGE-LITTLE ROCK,583,1,"","Emily Donaker"
SS,Winquist Center P, 854, 902,SIOUX CITY EAST,457,2,"","Noah Engle Carte"
SS,Winquist Center P, 903, 911,MOC-FLOYD VALLEY,112,1,"","Connor Ascherl"
SS,"Winquist Center P", 912,,BREAK,,
SS,Winquist Center P, 932, 940,,
SS,Winquist Center P, 941, 949,AKRON-WESTFIELD,603,2,"","Nash Lininger"
SS,Winquist Center P, 950, 958,WESTERN CHRISTIAN,720,2,"","Jonathan Slice"
SS,Winquist Center P, 959,1007,,
SS,Winquist Center P,1008,1016,LE MARS COMMUNITY,408,1,"","Jeff Ahlers"
SS,Winquist Center P,1017,1025,SIOUX CITY EAST,457,3,"","Olivia Tidwell"
SS,Winquist Center P,1026,1034,MOC-FLOYD VALLEY,112,2,"","Jack Vander Voort"
SS,Winquist Center P,1035,1043,WEST LYON,343,2,"","Darren Blauwet"
SS,"Winquist Center P",1044,,BREAK,,
SS,Winquist Center P,1104,1112,MOC-FLOYD VALLEY,112,3,"","Shonna Ritz"
SS,Winquist Center P,1113,1121,WESTERN CHRISTIAN,720,3,"","Trayle Kats"
SS,Winquist Center P,1122,1130,SIBLEY-OCHEYEDAN,295,1,"","Ryan Nasers"
SS,Winquist Center P,1131,1139,,
SS,Winquist Center P,1140,1148,SIOUX CITY EAST,457,1,"","Luke Shaver"
SS,Winquist Center P,1149,1157,SIOUX CENTER,483,1,"","Logan Pitsenberger"
SS,Winquist Center P,1158,1206,LE MARS COMMUNITY,408,2,"","Joey De Boer"
SS,Winquist Center P,1207,1215,WEST LYON,343,1,"","Alex Breitkreutz"
SS,"Winquist Center P",1216,,BREAK,,
